"pkg_name","pkg_version","pkg_source_path","date_time","executor","sysname","version","release","machine","has_bug_reports_url","license","has_examples","has_maintainer","size_codebase","has_news","has_source_control","has_vignettes","has_website","news_current","export_help","export_calc","check","covr","dependencies","dep_score","revdep_score","overall_risk_score","risk_profile"
"checkmate","2.3.1","/tmp/RtmpdVORqw/temp_file_5ad553f236ae/checkmate-2.3.1","2024-03-29 10:34:04","u1004798","Linux","#1 SMP Tue Aug 18 14:50:17 EDT 2020","3.10.0-1160.el7.x86_64","x86_64",0,0,1,1,0.10040160642570281,1,1,1,1,1,0.9972972972972973,0.027683467308689647,0.55,0.9569,"backports (>= 1.1.0)#utils#R6#fastmatch#data.table (>= 1.9.8)#devtools#ggplot2#knitr#magrittr#microbenchmark#rmarkdown#testthat (>= 3.0.4)#tinytest (>= 1.1.0)#tibble#Imports#Imports#Suggests#Suggests#Suggests#Suggests#Suggests#Suggests#Suggests#Suggests#Suggests#Suggests#Suggests#Suggests",0.07585818002124355,0.9995591484646902,0.3226568679103313,"Medium"
"covr","3.6.0","/tmp/RtmpdVORqw/temp_file_5ad533af8d3e/covr-3.6.0","2024-03-29 10:36:14","u1004798","Linux","#1 SMP Tue Aug 18 14:50:17 EDT 2020","3.10.0-1160.el7.x86_64","x86_64",0,0,1,1,0.060557125555106985,1,1,1,1,1,1,0.532943707051472,0,0,"methods#digest#stats#utils#jsonlite#rex#httr#crayon#withr (>= 1.0.2)#yaml#R6#curl#knitr#rmarkdown#htmltools#DT (>= 0.2)#testthat#rlang#rstudioapi (>= 0.2)#xml2 (>= 1.0.0)#parallel#memoise#mockery#covr#Depends#Imports#Imports#Imports#Imports#Imports#Imports#Imports#Imports#Imports#Suggests#Suggests#Suggests#Suggests#Suggests#Suggests#Suggests#Suggests#Suggests#Suggests#Suggests#Suggests#Suggests#Suggests",0.9241418199787566,0.9999999996558555,0.4234900910729691,"High"
"diffdf","1.0.4","/tmp/RtmpdVORqw/temp_file_5ad5148d0a2c/diffdf-1.0.4","2024-03-29 10:40:16","u1004798","Linux","#1 SMP Tue Aug 18 14:50:17 EDT 2020","3.10.0-1160.el7.x86_64","x86_64",0,0,1,1,0.17942583732057418,1,1,1,1,1,1,0.6935964531536976,0.75,0.9162,"tibble#testthat#lubridate#knitr#rmarkdown#purrr#dplyr#stringi#stringr#devtools#covr#Imports#Suggests#Suggests#Suggests#Suggests#Suggests#Suggests#Suggests#Suggests#Suggests#Suggests",0.01798620996209156,0.28634703387042126,0.269716653101957,"Medium"
"DT","0.32","/tmp/RtmpdVORqw/temp_file_5ad576681d7a/DT-0.32","2024-03-29 10:42:01","u1004798","Linux","#1 SMP Tue Aug 18 14:50:17 EDT 2020","3.10.0-1160.el7.x86_64","x86_64",0,0,0.9166666666666666,1,0.0869061413673233,1,1,1,1,1,0.9761904761904762,0.40849627761291174,0.65,0.4771,"htmltools (>= 0.3.6)#htmlwidgets (>= 1.3)#httpuv#jsonlite (>= 0.9.16)#magrittr#crosstalk#jquerylib#promises#knitr (>= 1.8)#rmarkdown#shiny (>= 1.6)#bslib#future#testit#tibble#Imports#Imports#Imports#Imports#Imports#Imports#Imports#Imports#Suggests#Suggests#Suggests#Suggests#Suggests#Suggests#Suggests",0.11920292202211755,0.9999149442681997,0.35605447167486715,"High"
"ggiraph","0.7.10","/tmp/RtmpdVORqw/temp_file_5ad51bfd150b/ggiraph-0.7.10","2024-03-29 10:44:15","u1004798","Linux","#1 SMP Tue Aug 18 14:50:17 EDT 2020","3.10.0-1160.el7.x86_64","x86_64",0,0,0.9726027397260274,1,0.051564111378480576,0,0,1,1,0,1,0.08262646466712587,0,0,"grid#ggplot2 (>= 3.3.0)#htmlwidgets (>= 0.6)#stats#htmltools#Rcpp (>= 0.12.12)#systemfonts#purrr#rlang#uuid#Rcpp#systemfonts#knitr#testthat#rmarkdown#maps#shiny#sf (>= 0.7-3)#quantreg#xml2 (>= 1.0.0)#dplyr#Imports#Imports#Imports#Imports#Imports#Imports#Imports#Imports#Imports#Imports#LinkingTo#LinkingTo#Suggests#Suggests#Suggests#Suggests#Suggests#Suggests#Suggests#Suggests#Suggests",0.7310585786300049,0.47134452688154255,0.573890645072143,"High"
"ggplot2","3.4.4","/tmp/RtmpdVORqw/temp_file_5ad543d67989/ggplot2-3.4.4","2024-03-29 10:47:35","u1004798","Linux","#1 SMP Tue Aug 18 14:50:17 EDT 2020","3.10.0-1160.el7.x86_64","x86_64",0,0,0.9895833333333334,1,0.007743933918430563,1,1,1,1,1,0.996268656716418,0.010582460644736669,0,0,"cli#glue#grDevices#grid#gtable (>= 0.1.1)#isoband#lifecycle (> 1.0.1)#MASS#mgcv#rlang (>= 1.1.0)#scales (>= 1.2.0)#stats#tibble#vctrs (>= 0.5.0)#withr (>= 2.5.0)#covr#dplyr#ggplot2movies#hexbin#Hmisc#knitr#lattice#mapproj#maps#multcomp#munsell#nlme#profvis#quantreg#ragg#RColorBrewer#rmarkdown#rpart#sf (>= 0.7-3)#svglite (>= 1.2.0.9001)#testthat (>= 3.1.2)#vdiffr (>= 1.0.0)#xml2#Imports#Imports#Imports#Imports#Imports#Imports#Imports#Imports#Imports#Imports#Imports#Imports#Imports#Imports#Imports#Suggests#Suggests#Suggests#Suggests#Suggests#Suggests#Suggests#Suggests#Suggests#Suggests#Suggests#Suggests#Suggests#Suggests#Suggests#Suggests#Suggests#Suggests#Suggests#Suggests#Suggests#Suggests#Suggests",0.9999251537724895,0.9999999999999998,0.441136576241829,"High"
"glue","1.7.0","/tmp/RtmpdVORqw/temp_file_5ad56e279fc3/glue-1.7.0","2024-03-29 10:57:08","u1004798","Linux","#1 SMP Tue Aug 18 14:50:17 EDT 2020","3.10.0-1160.el7.x86_64","x86_64",0,0,0.8888888888888888,1,0.2177068214804064,1,1,1,1,1,1,0.5621765008857981,0,0.9853000000000001,"methods#crayon#DBI (>= 1.2.0)#dplyr#knitr#magrittr#rlang#rmarkdown#RSQLite#testthat (>= 3.2.0)#vctrs (>= 0.3.0)#waldo (>= 0.3.0)#withr#Imports#Suggests#Suggests#Suggests#Suggests#Suggests#Suggests#Suggests#Suggests#Suggests#Suggests#Suggests#Suggests",0.04742587317756678,0.999991566944218,0.3921666329854667,"High"
"here","1.0.1","/tmp/RtmpdVORqw/temp_file_5ad553807524/here-1.0.1","2024-03-29 10:58:23","u1004798","Linux","#1 SMP Tue Aug 18 14:50:17 EDT 2020","3.10.0-1160.el7.x86_64","x86_64",0,0,1,1,0.5319148936170213,1,1,1,1,1,1,0.679178699175393,0.65,0.9867,"rprojroot (>= 2.0.2)#conflicted#covr#fs#knitr#palmerpenguins#plyr#readr#rlang#rmarkdown#testthat#uuid#withr#Imports#Suggests#Suggests#Suggests#Suggests#Suggests#Suggests#Suggests#Suggests#Suggests#Suggests#Suggests#Suggests",0.04742587317756678,0.9550165765836716,0.2590426548070396,"Medium"
"httr2","1.0.0","/tmp/RtmpdVORqw/temp_file_5ad527ccdaea/httr2-1.0.0","2024-03-29 10:59:29","u1004798","Linux","#1 SMP Tue Aug 18 14:50:17 EDT 2020","3.10.0-1160.el7.x86_64","x86_64",0,0,0.9848484848484849,1,0.0319693094629156,1,1,1,1,1,0.991869918699187,0.17907395833428885,0,0,"cli (>= 3.0.0)#curl (>= 5.1.0)#glue#lifecycle#magrittr#openssl#R6#rappdirs#rlang (>= 1.1.0)#vctrs (>= 0.6.3)#withr#askpass#bench#clipr#covr#docopt#httpuv#jose#jsonlite#knitr#rmarkdown#testthat (>= 3.1.8)#tibble#webfakes#xml2#Imports#Imports#Imports#Imports#Imports#Imports#Imports#Imports#Imports#Imports#Imports#Suggests#Suggests#Suggests#Suggests#Suggests#Suggests#Suggests#Suggests#Suggests#Suggests#Suggests#Suggests#Suggests#Suggests",0.9525741268224334,0.9299393063166378,0.4385356785699164,"High"
"knitr","1.45","/tmp/RtmpdVORqw/temp_file_5ad53d6b32f6/knitr-1.45","2024-03-29 11:01:58","u1004798","Linux","#1 SMP Tue Aug 18 14:50:17 EDT 2020","3.10.0-1160.el7.x86_64","x86_64",0,0,1,1,0.023737933217281217,1,0,1,1,1,1,0.1679203285983667,0,0.39039999999999997,"evaluate (>= 0.15)#highr#methods#tools#xfun (>= 0.39)#yaml (>= 2.1.19)#bslib#codetools#DBI (>= 0.4-1)#digest#formatR#gifski#gridSVG#htmlwidgets (>= 0.7)#curl#jpeg#JuliaCall (>= 0.11.1)#magick#markdown (>= 1.3)#png#ragg#reticulate (>= 1.4)#rgl (>= 0.95.1201)#rlang#rmarkdown#sass#showtext#styler (>= 1.2.0)#targets (>= 0.6.0)#testit#tibble#tikzDevice (>= 0.10)#tinytex (>= 0.46)#webshot#rstudioapi#svglite#xml2 (>= 1.2.0)#Imports#Imports#Imports#Imports#Imports#Imports#Suggests#Suggests#Suggests#Suggests#Suggests#Suggests#Suggests#Suggests#Suggests#Suggests#Suggests#Suggests#Suggests#Suggests#Suggests#Suggests#Suggests#Suggests#Suggests#Suggests#Suggests#Suggests#Suggests#Suggests#Suggests#Suggests#Suggests#Suggests#Suggests#Suggests#Suggests",0.9998766054240137,1,0.4037612999838417,"High"
"lubridate","1.9.2","/tmp/RtmpdVORqw/temp_file_5ad55f6d9118/lubridate-1.9.2","2024-03-29 11:04:18","u1004798","Linux","#1 SMP Tue Aug 18 14:50:17 EDT 2020","3.10.0-1160.el7.x86_64","x86_64",0,0,0.8615384615384616,1,0.03258036490008688,1,1,1,1,1,0.8704663212435233,0.12983933638717715,0.30000000000000004,0.7574,"methods#generics#timechange (>= 0.1.1)#covr#knitr#rmarkdown#testthat (>= 2.1.0)#vctrs (>= 0.5.0)#Depends#Imports#Imports#Suggests#Suggests#Suggests#Suggests#Suggests",0.004070137715896128,0.9999945796168832,0.4123295359183893,"High"
"magrittr","2.0.3","/tmp/RtmpdVORqw/temp_file_5ad578c188bd/magrittr-2.0.3","2024-03-29 11:08:28","u1004798","Linux","#1 SMP Tue Aug 18 14:50:17 EDT 2020","3.10.0-1160.el7.x86_64","x86_64",0,0,0.9285714285714286,1,0.4777070063694268,1,1,1,1,1,0.8809523809523809,0.40849627761291174,0.65,0.8386,"covr#knitr#rlang#rmarkdown#testthat#Suggests#Suggests#Suggests#Suggests#Suggests",9.110511944006454e-4,0.9999999998829843,0.3083924236531794,"Medium"
"MultiGroupSequential","1.1.0","/tmp/RtmpdVORqw/temp_file_5ad5332b0143/MultiGroupSequential","2024-03-29 11:09:42","u1004798","Linux","#1 SMP Tue Aug 18 14:50:17 EDT 2020","3.10.0-1160.el7.x86_64","x86_64",0,0,1,1,0.28248587570621464,1,0,0,0,1,1,0.5780041706336656,0.75,0,"stats#OpenMx#hommel#Imports#Imports#Imports",3.353501304664781e-4,0.09655800624682276,0.583921358207912,"High"
"pandoc","0.2.0","/tmp/RtmpdVORqw/temp_file_5ad54072c6a7/pandoc-0.2.0","2024-03-29 11:11:37","u1004798","Linux","#1 SMP Tue Aug 18 14:50:17 EDT 2020","3.10.0-1160.el7.x86_64","x86_64",0,0,1,1,0.13428827215756492,1,1,1,1,1,1,0.42280977952578136,0.75,0.13849999999999998,"fs#rappdirs#rlang (>= 1.0.1)#covr#gh#rmarkdown (>= 2.14)#testthat (>= 3.0.0)#tibble#withr#Imports#Imports#Imports#Suggests#Suggests#Suggests#Suggests#Suggests#Suggests",0.0066928509242848554,0.20261296809401,0.3848675191830513,"High"
"pkglite","0.2.1","/tmp/RtmpdVORqw/temp_file_5ad53eb89507/pkglite-0.2.1","2024-03-29 11:13:17","u1004798","Linux","#1 SMP Tue Aug 18 14:50:17 EDT 2020","3.10.0-1160.el7.x86_64","x86_64",0,0,1,1,0.20604395604395603,1,1,1,1,1,0.9642857142857143,0.4817891450138423,0.75,0.9438,"crayon#magrittr#remotes#knitr#rmarkdown#testthat#covr#Imports#Imports#Imports#Suggests#Suggests#Suggests#Suggests",0.0024726231566347743,0.09655800624682276,0.27732471512967316,"Medium"
"purrr","1.0.2","/tmp/RtmpdVORqw/temp_file_5ad5725491a1/purrr-1.0.2","2024-03-29 11:14:29","u1004798","Linux","#1 SMP Tue Aug 18 14:50:17 EDT 2020","3.10.0-1160.el7.x86_64","x86_64",0,0,0.9375,1,0.04728877679697352,1,1,1,1,1,0.9841269841269841,0.10093017397889392,0.4,0.9234,"cli (>= 3.6.1)#lifecycle (>= 1.0.3)#magrittr (>= 1.5.0)#rlang (>= 1.1.1)#vctrs (>= 0.6.3)#covr#dplyr (>= 0.7.8)#httr#knitr#lubridate#rmarkdown#testthat (>= 3.0.0)#tibble#tidyselect#cli#Imports#Imports#Imports#Imports#Imports#Suggests#Suggests#Suggests#Suggests#Suggests#Suggests#Suggests#Suggests#Suggests#LinkingTo",0.11920292202211755,0.9999999945312932,0.3515891079587895,"High"
"utf8","1.2.3","/tmp/RtmpM4RrZl/temp_file_4d2f55dfd85d/r-utf8-1.2.3","2024-03-29 11:31:23","u1004798","Linux","#1 SMP Tue Aug 18 14:50:17 EDT 2020","3.10.0-1160.el7.x86_64","x86_64",0,0,1,1,0.2063273727647868,1,1,1,1,1,1,0.6224593312018546,0.65,0.7197,"cli#covr#knitr#rlang#rmarkdown#testthat (>= 3.0.0)#withr#Suggests#Suggests#Suggests#Suggests#Suggests#Suggests#Suggests",0.0024726231566347743,0.09655800624682276,0.3147712575544849,"Medium"
"rhino","1.5.0","/tmp/RtmpM4RrZl/temp_file_4d2f9933a9d/rhino-1.5.0","2024-03-29 11:32:52","u1004798","Linux","#1 SMP Tue Aug 18 14:50:17 EDT 2020","3.10.0-1160.el7.x86_64","x86_64",0,0,1,1,0.17647058823529413,1,1,1,1,1,1,0.5699762279100093,0,0,"box (>= 1.1.3)#cli#config#fs#glue#lintr (>= 3.0.0)#logger#purrr#renv#rstudioapi#sass#shiny#styler#testthat (>= 3.0.0)#utils#withr#yaml#covr#knitr#mockery#rcmdcheck#rmarkdown#shiny.react#spelling#Imports#Imports#Imports#Imports#Imports#Imports#Imports#Imports#Imports#Imports#Imports#Imports#Imports#Imports#Imports#Imports#Imports#Suggests#Suggests#Suggests#Suggests#Suggests#Suggests#Suggests",0.9241418199787566,0.1498130634417619,0.4169117692003358,"High"
"riskmetric","0.2.1","/tmp/RtmpM4RrZl/temp_file_4d2f24d56005/riskmetric-0.2.1","2024-03-29 11:34:44","u1004798","Linux","#1 SMP Tue Aug 18 14:50:17 EDT 2020","3.10.0-1160.el7.x86_64","x86_64",0,0,1,1,0.07974481658692185,1,1,1,1,1,1,0.4482514737771096,0.75,0.5390999999999999,"backports#utils#tools#xml2#httr#curl#urltools#memoise#BiocManager#cranlogs#covr#vctrs#pillar#tibble#pkgload#devtools#knitr#rmarkdown#withr#magrittr#dplyr#testthat#webmockr#jsonlite#Imports#Imports#Imports#Imports#Imports#Imports#Imports#Imports#Imports#Imports#Imports#Imports#Imports#Imports#Imports#Imports#Suggests#Suggests#Suggests#Suggests#Suggests#Suggests#Suggests#Suggests",0.9241418199787566,0.09655800624682276,0.23577845848125067,"Low"
"herald","1.0.2","/tmp/RtmpM4RrZl/temp_file_4d2f473789c2/sih-package-herald-1.0.2","2024-03-29 11:41:02","u1004798","Linux","#1 SMP Tue Aug 18 14:50:17 EDT 2020","3.10.0-1160.el7.x86_64","x86_64",0,0,1,1,0.023663038334122102,1,0,1,0,1,0.8985507246376812,0.22487692114513458,0,0,"methods#dplyr#forcats#ggplot2#magrittr#purrr#rlang#tibble#tidyr#mvtnorm#officer#scales#pkgconfig#numDeriv#geomtextpath#ggrepel#knitr#patchwork#rmarkdown#testthat (>= 3.0.0)#Imports#Imports#Imports#Imports#Imports#Imports#Imports#Imports#Imports#Imports#Imports#Imports#Imports#Imports#Imports#Imports#Suggests#Suggests#Suggests#Suggests",0.6224593312018546,0.09655800624682276,0.5826563865754162,"High"
"stringr","1.5.1","/tmp/RtmpM4RrZl/temp_file_4d2f63816ce4/stringr-1.5.1","2024-03-29 11:45:11","u1004798","Linux","#1 SMP Tue Aug 18 14:50:17 EDT 2020","3.10.0-1160.el7.x86_64","x86_64",0,0,1,1,0.08169934640522876,1,1,1,1,1,0.9830508474576272,0.33843270573549256,0.75,0.9948999999999999,"cli#glue (>= 1.6.1)#lifecycle (>= 1.0.3)#magrittr#rlang (>= 1.0.0)#stringi (>= 1.5.3)#vctrs (>= 0.4.0)#covr#dplyr#gt#htmltools#htmlwidgets#knitr#rmarkdown#testthat (>= 3.0.0)#tibble#Imports#Imports#Imports#Imports#Imports#Imports#Imports#Suggests#Suggests#Suggests#Suggests#Suggests#Suggests#Suggests#Suggests#Suggests",0.18242552380635635,0.999999999429894,0.26208831358648443,"Medium"
"styler","1.10.2","/tmp/RtmpM4RrZl/temp_file_4d2f4e889ca9/styler-1.10.2","2024-03-29 11:46:48","u1004798","Linux","#1 SMP Tue Aug 18 14:50:17 EDT 2020","3.10.0-1160.el7.x86_64","x86_64",0,0,0.990521327014218,1,0.03347467083240348,1,1,1,1,1,1,0.47020873062827817,0.65,0.9208,"cli (>= 3.1.1)#magrittr (>= 2.0.0)#purrr (>= 0.2.3)#R.cache (>= 0.15.0)#rlang (>= 1.0.0)#rprojroot (>= 1.1)#tools#vctrs (>= 0.4.1)#withr (>= 2.3.0)#data.tree (>= 0.1.6)#digest#here#knitr#prettycode#rmarkdown#roxygen2#rstudioapi (>= 0.7)#tibble (>= 1.4.2)#testthat (>= 3.0.0)#Imports#Imports#Imports#Imports#Imports#Imports#Imports#Imports#Imports#Suggests#Suggests#Suggests#Suggests#Suggests#Suggests#Suggests#Suggests#Suggests#Suggests",0.5,0.753623859477356,0.25012361051659715,"Medium"
"teal.builder.checks","0.0.3","/tmp/Rtmp4727TL/temp_file_111717d05811/teal.builder.checks","2024-03-29 12:15:35","u1004798","Linux","#1 SMP Tue Aug 18 14:50:17 EDT 2020","3.10.0-1160.el7.x86_64","x86_64",1,0,1,1,0.17899761336515516,1,1,1,1,0,1,0.5193393621678254,0.65,0.9538,"magrittr#purrr (>= 1.0.0)#checkmate (>= 2.1.0)#lubridate#stringr#dplyr#vctrs#testthat (>= 3.0.0)#quickcheck#knitr#rmarkdown#Imports#Imports#Imports#Imports#Imports#Imports#Imports#Suggests#Suggests#Suggests#Suggests",0.01798620996209156,0.09655800624682276,0.288507419335991,"Medium"
"testthat","3.2.1","/tmp/Rtmp4727TL/temp_file_111713d26c60/testthat-3.2.1","2024-03-29 12:17:47","u1004798","Linux","#1 SMP Tue Aug 18 14:50:17 EDT 2020","3.10.0-1160.el7.x86_64","x86_64",0,0,0.8367346938775511,1,0.020355543493011264,1,1,1,1,1,0.9947089947089947,0.10093017397889392,0,0,"brio (>= 1.1.3)#callr (>= 3.7.3)#cli (>= 3.6.1)#desc (>= 1.4.2)#digest (>= 0.6.33)#evaluate (>= 0.21)#jsonlite (>= 1.8.7)#lifecycle (>= 1.0.3)#magrittr (>= 2.0.3)#methods#pkgload (>= 1.3.2.1)#praise (>= 1.0.0)#processx (>= 3.8.2)#ps (>= 1.7.5)#R6 (>= 2.5.1)#rlang (>= 1.1.1)#utils#waldo (>= 0.5.1)#withr (>= 2.5.0)#covr#curl (>= 0.9.5)#diffviewer (>= 0.1.0)#knitr#rmarkdown#rstudioapi#shiny#usethis#vctrs (>= 0.1.0)#xml2#Imports#Imports#Imports#Imports#Imports#Imports#Imports#Imports#Imports#Imports#Imports#Imports#Imports#Imports#Imports#Imports#Imports#Imports#Imports#Suggests#Suggests#Suggests#Suggests#Suggests#Suggests#Suggests#Suggests#Suggests#Suggests",0.9933071490757153,1,0.45063518397310587,"High"
"tibble","3.2.1","/tmp/Rtmp4727TL/temp_file_1117ab96936/tibble-3.2.1","2024-03-29 12:18:49","u1004798","Linux","#1 SMP Tue Aug 18 14:50:17 EDT 2020","3.10.0-1160.el7.x86_64","x86_64",0,0,0.8695652173913043,1,0.05222841225626741,1,1,1,1,1,0.9777777777777777,0.3948307489927648,0.55,0.821,"fansi (>= 0.4.0)#lifecycle (>= 1.0.0)#magrittr#methods#pillar (>= 1.8.1)#pkgconfig#rlang (>= 1.0.2)#utils#vctrs (>= 0.4.2)#bench#bit64#blob#brio#callr#cli#covr#crayon (>= 1.3.4)#DiagrammeR#dplyr#evaluate#formattable#ggplot2#here#hms#htmltools#knitr#lubridate#mockr#nycflights13#pkgbuild#pkgload#purrr#rmarkdown#stringi#testthat (>= 3.0.2)#tidyr#withr#Imports#Imports#Imports#Imports#Imports#Imports#Imports#Imports#Imports#Suggests#Suggests#Suggests#Suggests#Suggests#Suggests#Suggests#Suggests#Suggests#Suggests#Suggests#Suggests#Suggests#Suggests#Suggests#Suggests#Suggests#Suggests#Suggests#Suggests#Suggests#Suggests#Suggests#Suggests#Suggests#Suggests#Suggests#Suggests",0.9998766054240137,0.9999999993691853,0.23917596183357193,"Low"
"vctrs","0.6.5","/tmp/Rtmp4727TL/temp_file_1117589d676c/vctrs-0.6.5","2024-03-29 12:22:20","u1004798","Linux","#1 SMP Tue Aug 18 14:50:17 EDT 2020","3.10.0-1160.el7.x86_64","x86_64",0,0,0.8709677419354839,1,0.01927525057825752,1,1,1,1,1,0.9947368421052631,0.10010916796648817,0.65,0.8461,"cli (>= 3.4.0)#glue#lifecycle (>= 1.0.3)#rlang (>= 1.1.0)#bit64#covr#crayon#dplyr (>= 0.8.5)#generics#knitr#pillar (>= 1.4.4)#pkgdown (>= 2.0.1)#rmarkdown#testthat (>= 3.0.0)#tibble (>= 3.1.3)#waldo (>= 0.2.0)#withr#xml2#zeallot#Imports#Imports#Imports#Imports#Suggests#Suggests#Suggests#Suggests#Suggests#Suggests#Suggests#Suggests#Suggests#Suggests#Suggests#Suggests#Suggests#Suggests#Suggests",0.5,0.9980141081112658,0.28680186045071077,"Medium"
"waldo","0.5.2","/tmp/Rtmp4727TL/temp_file_11172cd50b4c/waldo-0.5.2","2024-03-29 12:27:04","u1004798","Linux","#1 SMP Tue Aug 18 14:50:17 EDT 2020","3.10.0-1160.el7.x86_64","x86_64",0,0,1,1,0.12048192771084339,1,1,0,1,1,1,0.7102187327600622,0.75,0.9412,"cli#diffobj (>= 0.3.4)#fansi#glue#methods#rematch2#rlang (>= 1.0.0)#tibble#covr#R6#testthat (>= 3.0.0)#withr#xml2#Imports#Imports#Imports#Imports#Imports#Imports#Imports#Imports#Suggests#Suggests#Suggests#Suggests#Suggests",0.04742587317756678,0.5777251373380466,0.35116708200366353,"High"
"xlsx","0.6.5","/tmp/Rtmp4727TL/temp_file_111745c07ebf/xlsx-0.6.5","2024-03-29 12:28:33","u1004798","Linux","#1 SMP Tue Aug 18 14:50:17 EDT 2020","3.10.0-1160.el7.x86_64","x86_64",0,0,1,1,0.09842519685039369,0,1,1,1,0,1,0.2919357826650024,0.75,0.7633,"rJava#xlsxjars#grDevices#utils#rprojroot#testthat#covr#tibble#knitr#rmarkdown#Imports#Imports#Imports#Imports#Suggests#Suggests#Suggests#Suggests#Suggests#Suggests",0.01098694263059318,0.7734742295726875,0.39697942640465034,"High"
"synapser","0.2.1","/tmp/Rtmpt5c0tM/temp_file_7bdf58947fb0/synapser","2024-03-29 14:53:55","u1004798","Linux","#1 SMP Tue Aug 18 14:50:17 EDT 2020","3.10.0-1160.el7.x86_64","x86_64",1,0,1,1,0.06702412868632708,0,0,1,1,0,1,0.5862809960511239,0,0,"cli#curl#magrittr#haven#httr2#stringr#fs#purrr#checkmate#shiny#shinyWidgets#dplyr#shinyjs#shinyBS#bslib#withr#testthat (>= 3.0.0)#tibble#httptest2#knitr#rmarkdown#Imports#Imports#Imports#Imports#Imports#Imports#Imports#Imports#Imports#Imports#Imports#Imports#Imports#Imports#Imports#Suggests#Suggests#Suggests#Suggests#Suggests#Suggests",0.7310585786300049,0.09655800624682276,0.5061956313413994,"High"
"teal.builder.checks","0.0.1","/tmp/Rtmpt5c0tM/temp_file_7bdf4b34bf58/teal.builder.checks","2024-03-29 15:03:12","u1004798","Linux","#1 SMP Tue Aug 18 14:50:17 EDT 2020","3.10.0-1160.el7.x86_64","x86_64",0,0,1,1,0.16483516483516483,1,0,1,1,1,1,0.5193393621678254,0.65,0.9587,"magrittr#purrr (>= 1.0.0)#checkmate (>= 2.1.0)#lubridate#stringr#dplyr#vctrs#testthat (>= 3.0.0)#quickcheck#knitr#rmarkdown#Imports#Imports#Imports#Imports#Imports#Imports#Imports#Suggests#Suggests#Suggests#Suggests",0.01798620996209156,0.09655800624682276,0.30998967518674325,"Medium"
"Tplyr","1.1.0","/tmp/Rtmpduc8xH/temp_file_4feb1e1a815b/Tplyr-1.1.0","2024-03-29 15:19:42","u1004798","Linux","#1 SMP Tue Aug 18 14:50:17 EDT 2020","3.10.0-1160.el7.x86_64","x86_64",0,0,1,1,0.03767897513187641,1,1,1,1,1,0.9886363636363636,0.2506388697682408,0,0,"rlang (>= 0.4.6)#assertthat (>= 0.2.1)#magrittr (>= 1.5)#dplyr (>= 1.0.0)#purrr (>= 0.3.3)#stringr (>= 1.4.0)#tidyr (>= 1.0.2)#tidyselect (>= 1.1.0)#tibble (>= 3.0.1)#lifecycle#forcats (>= 0.4.0)#testthat (>= 2.1.0)#haven (>= 2.2.0)#knitr#rmarkdown#huxtable#tidyverse#readr#kableExtra#pharmaRTF#withr#Imports#Imports#Imports#Imports#Imports#Imports#Imports#Imports#Imports#Imports#Imports#Suggests#Suggests#Suggests#Suggests#Suggests#Suggests#Suggests#Suggests#Suggests#Suggests",0.7310585786300049,0.17814572600627945,0.45786663848982834,"High"
"admiral","1.0.0","/tmp/Rtmpv7pcph/temp_file_551b7f67c196/admiral","2024-03-29 15:26:01","u1004798","Linux","#1 SMP Tue Aug 18 14:50:17 EDT 2020","3.10.0-1160.el7.x86_64","x86_64",1,0,0.987012987012987,1,0.02236469360369763,1,1,1,1,1,0.9928571428571429,0.15341812370618257,0.5,0.9790000000000001,"admiraldev (>= 1.0.0)#dplyr (>= 1.0.5)#hms (>= 0.5.3)#lifecycle (>= 0.1.0)#lubridate (>= 1.7.4)#magrittr (>= 1.5)#purrr (>= 0.3.3)#rlang (>= 0.4.4)#stringr (>= 1.4.0)#tidyr
(>= 1.0.2)#tidyselect (>= 1.1.0)#diffdf#DT#htmltools#knitr#methods#pharmaversesdtm (>=
0.2.0)#reactable#readxl#rmarkdown#testthat (>= 3.0.0)#tibble#Imports#Imports#Imports#Imports#Imports#Imports#Imports#Imports#Imports#Imports#Imports#Suggests#Suggests#Suggests#Suggests#Suggests#Suggests#Suggests#Suggests#Suggests#Suggests#Suggests",0.8175744761936437,0.20261296809401,0.20436119893861915,"Low"
"rtables","0.6.6","/tmp/Rtmpv7pcph/temp_file_551b647433ff/rtables","2024-03-29 15:32:03","u1004798","Linux","#1 SMP Tue Aug 18 14:50:17 EDT 2020","3.10.0-1160.el7.x86_64","x86_64",1,0,0.9743589743589743,1,0.011719665598874912,1,1,1,1,1,0.8773234200743495,0.10344260222841006,0.30000000000000004,0.9085,"formatters (>= 0.5.5)#magrittr (>= 1.5)#methods#checkmate (>= 2.1.0)#htmltools (>= 0.5.4)#stats#stringi (>=
1.6)#broom (>= 0.7.10)#car (>= 3.0-13)#dplyr (>= 1.0.5)#flextable (>= 0.8.4)#knitr (>= 1.42)#officer (>= 0.5.0)#r2rtf (>= 0.3.2)#survival (>= 3.3-1)#testthat (>= 3.0.4)#tibble (>= 3.2.1)#tidyr (>= 1.1.3)#xml2 (>= 1.1.0)#Depends#Depends#Depends#Imports#Imports#Imports#Imports#Suggests#Suggests#Suggests#Suggests#Suggests#Suggests#Suggests#Suggests#Suggests#Suggests#Suggests#Suggests",0.5,0.3053701608804481,0.2885288758443191,"Medium"
"synapser","0.2.1","/tmp/Rtmpv7pcph/temp_file_551b41da1b98/synapser","2024-03-29 15:41:38","u1004798","Linux","#1 SMP Tue Aug 18 14:50:17 EDT 2020","3.10.0-1160.el7.x86_64","x86_64",1,0,1,1,0.06702412868632708,0,0,1,1,0,1,0.5862809960511239,0,0,"cli#curl#magrittr#haven#httr2#stringr#fs#purrr#checkmate#shiny#shinyWidgets#dplyr#shinyjs#shinyBS#bslib#withr#testthat (>= 3.0.0)#tibble#httptest2#knitr#rmarkdown#Imports#Imports#Imports#Imports#Imports#Imports#Imports#Imports#Imports#Imports#Imports#Imports#Imports#Imports#Imports#Suggests#Suggests#Suggests#Suggests#Suggests#Suggests",0.7310585786300049,0.09655800624682276,0.5061956313413994,"High"
"teal.builder.modules","0.0.3","/tmp/Rtmpv7pcph/temp_file_551bf11f656/teal.builder.modules","2024-03-29 15:43:27","u1004798","Linux","#1 SMP Tue Aug 18 14:50:17 EDT 2020","3.10.0-1160.el7.x86_64","x86_64",0,0,1,1,0.11885895404120445,0,0,0,0,0,0.9375,0.38176797396892503,0,0.9792000000000001,"teal.builder.checks#teal (>= 0.13.0)#teal.data (>= 0.2.0)#teal.code (>= 0.3.0)#teal.reporter (>= 0.1.1)#teal.widgets
(>= 0.3.0)#teal.transform (>= 0.3.0)#teal.modules.general (>=
0.2.15)#teal.modules.clinical (>= 0.8.15)#tern (>= 0.8.2)#rtables (>= 0.6.1)#formatters (>= 0.5.0)#dplyr#ggplot2#purrr (>= 1.0.0)#magrittr#rlang#stringr#testthat (>= 3.0.0)#random.cdisc.data#ggpmisc#ggpp#sparkline#waldo#Imports#Imports#Imports#Imports#Imports#Imports#Imports#Imports#Imports#Imports#Imports#Imports#Imports#Imports#Imports#Imports#Imports#Imports#Suggests#Suggests#Suggests#Suggests#Suggests#Suggests",0.9241418199787566,0.09655800624682276,0.5833943450341066,"High"
"teal.modules.clinical","0.8.16","/tmp/Rtmpv7pcph/temp_file_551b22543da/teal.modules.clinical","2024-03-29 15:47:58","u1004798","Linux","#1 SMP Tue Aug 18 14:50:17 EDT 2020","3.10.0-1160.el7.x86_64","x86_64",1,0,0.9818181818181818,1,0.006947660954145438,1,1,1,1,1,1,0.33843270573549256,0.30000000000000004,0,"teal (>= 0.14.0)#tern (>= 0.8.2)#assertthat#broom#checkmate#dplyr#DT#formatters (>=
0.5.0)#ggplot2 (>= 3.4.0)#ggrepel#grid#lifecycle#logger
(>= 0.2.0)#magrittr#methods#rlang#rmarkdown#rtables (>=
0.6.1)#scales#shiny#shinyjs#shinyvalidate#shinyWidgets#stats#styler#teal.code (>= 0.4.0)#teal.logger (>= 0.1.1)#teal.reporter (>= 0.2.0)#teal.transform (>= 0.4.0)#teal.widgets (>= 0.4.0)#tern.gee (>= 0.1.0)#tern.mmrm (>=
0.2.1)#tidyr#utils#vistime#forcats#knitr#lubridate#nestcolor (>= 0.1.0)#teal.data
(>= 0.3.0)#testthat (>= 3.0)#Depends#Depends#Imports#Imports#Imports#Imports#Imports#Imports#Imports#Imports#Imports#Imports#Imports#Imports#Imports#Imports#Imports#Imports#Imports#Imports#Imports#Imports#Imports#Imports#Imports#Imports#Imports#Imports#Imports#Imports#Imports#Imports#Imports#Imports#Imports#Suggests#Suggests#Suggests#Suggests#Suggests#Suggests",0.999983298578152,0.09655800624682276,0.33617311927865035,"Medium"
"teal.modules.general","0.2.16","/tmp/Rtmpv7pcph/temp_file_551b2b06fd94/teal.modules.general","2024-03-29 15:53:09","u1004798","Linux","#1 SMP Tue Aug 18 14:50:17 EDT 2020","3.10.0-1160.el7.x86_64","x86_64",0,0,0.9761904761904762,1,0.016109977446031577,1,0,1,0,1,1,0.554587455172015,0.4,0.0229,"ggmosaic (>= 0.3.0)#ggplot2#shiny#shinyTree#teal (>= 0.14.0)#checkmate#dplyr#DT#forcats (>= 1.0.0)#grid#logger (>=
0.2.0)#magrittr#scales#shinyjs#shinyvalidate#shinyWidgets#stats#stringr#teal.code (>= 0.4.0)#teal.logger (>= 0.1.1)#teal.reporter (>= 0.2.0)#teal.slice (>= 0.4.0)#teal.transform
(>= 0.4.0)#teal.widgets (>= 0.4.0)#tern (>= 0.7.10)#tibble#tidyr#tidyselect#utils#broom#colourpicker#ggExtra#ggpmisc (>= 0.4.3)#ggpp#goftest#gridExtra#htmlwidgets#jsonlite#knitr#lattice#MASS#methods#nestcolor (>= 0.1.0)#rlang#rmarkdown#rtables
(>= 0.5.1)#sparkline#teal.data (>= 0.3.0)#testthat (>= 2.0)#Depends#Depends#Depends#Depends#Depends#Imports#Imports#Imports#Imports#Imports#Imports#Imports#Imports#Imports#Imports#Imports#Imports#Imports#Imports#Imports#Imports#Imports#Imports#Imports#Imports#Imports#Imports#Imports#Imports#Suggests#Suggests#Suggests#Suggests#Suggests#Suggests#Suggests#Suggests#Suggests#Suggests#Suggests#Suggests#Suggests#Suggests#Suggests#Suggests#Suggests#Suggests#Suggests#Suggests",0.999999694097773,0.09655800624682276,0.45841816687125025,"High"
"synapser","0.3.0","/tmp/RtmpUylicv/temp_file_2fe2749f3396/bp-art-synapser-0.3.0","2024-03-29 16:00:44","u1004798","Linux","#1 SMP Tue Aug 18 14:50:17 EDT 2020","3.10.0-1160.el7.x86_64","x86_64",0,0,1,1,0.0569692366122294,0,0,1,1,0,1,0.5471940506865706,0,0,"cli#curl#magrittr#haven#httr2#stringr#fs#purrr#checkmate#shiny#shinyWidgets#dplyr#shinyjs#shinyBS#bslib#withr#testthat (>= 3.0.0)#tibble#httptest2#knitr#rmarkdown#Imports#Imports#Imports#Imports#Imports#Imports#Imports#Imports#Imports#Imports#Imports#Imports#Imports#Imports#Imports#Suggests#Suggests#Suggests#Suggests#Suggests#Suggests",0.7310585786300049,0.09655800624682276,0.5513200114462877,"High"
"teal.builder","0.0.6","/tmp/RtmpUylicv/temp_file_2fe23bf1282c/bp-art-teal.builder-0.0.6","2024-03-29 16:02:52","u1004798","Linux","#1 SMP Tue Aug 18 14:50:17 EDT 2020","3.10.0-1160.el7.x86_64","x86_64",0,0,1,1,0.04049676025917927,0,1,0,1,0,0.5,0.679178699175393,0,0,"shiny#teal (>= 0.12.0)#teal.builder.checks#teal.builder.modules#synapser#dplyr#tibble#tidyr#stringr#purrr#rlang#magrittr#ggplot2#config#maybe#checkmate#stringr (>= 1.4.0)#fs#synapser#memoise#haven#bslib#bsicons#sparkline#forcats#pins#ggpmisc#formatR#withr#pkgload#testthat (>= 3.0.0)#utils#httptest2#pkgdown#Imports#Imports#Imports#Imports#Imports#Imports#Imports#Imports#Imports#Imports#Imports#Imports#Imports#Imports#Imports#Imports#Imports#Imports#Imports#Imports#Imports#Imports#Imports#Imports#Imports#Imports#Imports#Imports#Imports#Suggests#Suggests#Suggests#Suggests#Suggests",0.9994472213630764,0.09655800624682276,0.6035142575121608,"High"
"dplyr","1.1.0","/tmp/RtmpKtNrxv/temp_file_4e9143b40828/dplyr-1.1.0","2024-03-29 16:21:47","u1004798","Linux","#1 SMP Tue Aug 18 14:50:17 EDT 2020","3.10.0-1160.el7.x86_64","x86_64",0,0,0.9385964912280702,1,0.01519141178853555,1,1,1,1,1,0.9931740614334471,0.0461191416971477,0,0,"cli (>= 3.4.0)#generics#glue (>= 1.3.2)#lifecycle (>= 1.0.3)#magrittr (>= 1.5)#methods#pillar (>= 1.5.1)#R6#rlang (>= 1.0.6)#tibble (>= 2.1.3)#tidyselect (>= 1.2.0)#utils#vctrs (>= 0.5.2)#bench#broom#callr#covr#DBI#dbplyr (>= 2.2.1)#ggplot2#knitr#Lahman#lobstr#microbenchmark#nycflights13#purrr#rmarkdown#RMySQL#RPostgreSQL#RSQLite#stringi (>= 1.7.6)#testthat (>= 3.1.5)#tidyr (>= 1.3.0)#withr#Imports#Imports#Imports#Imports#Imports#Imports#Imports#Imports#Imports#Imports#Imports#Imports#Imports#Suggests#Suggests#Suggests#Suggests#Suggests#Suggests#Suggests#Suggests#Suggests#Suggests#Suggests#Suggests#Suggests#Suggests#Suggests#Suggests#Suggests#Suggests#Suggests#Suggests#Suggests",0.9994472213630764,0.9999999999999905,0.44385825157922754,"High"
"reda","0.5.4","/tmp/RtmpDeAHNh/temp_file_329a4956d10f/reda-0.5.4","2024-04-09 16:21:10","u1004798","Linux","#1 SMP Tue Aug 18 14:50:17 EDT 2020","3.10.0-1160.el7.x86_64","x86_64",0,0,0.6060606060606061,1,0.05042016806722689,1,1,1,1,1,0.625,0.5699762279100093,0.55,0,"Rcpp#ggplot2#graphics#grDevices#methods#splines2 (>= 0.4.3)#stats#Rcpp#RcppArmadillo#knitr#rmarkdown#tinytest#Imports#Imports#Imports#Imports#Imports#Imports#Imports#LinkingTo#LinkingTo#Suggests#Suggests#Suggests",0.02931223075135632,0.17814572600627945,0.4798581425816414,"High"
"emmeans","1.10.1.90001","/tmp/RtmpjXvy11/temp_file_55d045561dc4/emmeans","2024-04-11 09:06:18","u1004798","Linux","#1 SMP Tue Aug 18 14:50:17 EDT 2020","3.10.0-1160.el7.x86_64","x86_64",1,0,0.9534883720930233,1,0.0177999288002848,1,1,1,1,0,1,0.27729078730647805,0,0,"estimability (>= 1.4.1)#graphics#methods#numDeriv#stats#utils#mvtnorm#bayesplot#bayestestR#biglm#brms#car#coda (>= 0.17)#ggplot2#lattice#logspline#mediation#mgcv#multcomp#multcompView#nlme#ordinal (>= 2014.11-12)#pbkrtest (>=
0.4-1)#lme4#lmerTest (>= 2.0.32)#MASS#MuMIn#rsm#knitr#rmarkdown#sandwich#scales#splines#testthat#xtable (>=
1.8-2)#Imports#Imports#Imports#Imports#Imports#Imports#Imports#Suggests#Suggests#Suggests#Suggests#Suggests#Suggests#Suggests#Suggests#Suggests#Suggests#Suggests#Suggests#Suggests#Suggests#Suggests#Suggests#Suggests#Suggests#Suggests#Suggests#Suggests#Suggests#Suggests#Suggests#Suggests#Suggests#Suggests#Suggests",0.9996646498695336,0.9264659023112156,0.43220520064659607,"High"
"geeasy","0.1.1","/tmp/RtmplBQ58X/temp_file_61154369b6a5/geeasy-0.1.1","2024-04-11 09:17:33","u1004798","Linux","#1 SMP Tue Aug 18 14:50:17 EDT 2020","3.10.0-1160.el7.x86_64","x86_64",0,0,1,1,0.10691375623663578,1,0,0,0,1,1,0.6542169715591484,0.65,0,"geepack#stats#ggplot2#geeM#lme4#methods#Matrix#MESS#testthat#MuMIn#Depends#Depends#Imports#Imports#Imports#Imports#Imports#Imports#Suggests#Suggests",0.01098694263059318,0.1498130634417619,0.6031785770162466,"High"
"MASS","7.3-60.0.1","/tmp/RtmplBQ58X/temp_file_61155aa827de/MASS","2024-04-11 09:20:24","u1004798","Linux","#1 SMP Tue Aug 18 14:50:17 EDT 2020","3.10.0-1160.el7.x86_64","x86_64",0,0,1,1,0.027886224205242612,0,0,0,1,0,1,0.28014527823990476,0.65,0.3204,"grDevices#graphics#stats#utils#methods#lattice#nlme#nnet#survival#Depends#Depends#Depends#Depends#Imports#Suggests#Suggests#Suggests#Suggests",0.0066928509242848554,0.9999999999550899,0.581786510548135,"High"
"mgcv","1.9-1","/tmp/RtmplBQ58X/temp_file_611542b1d846/mgcv-1.9-1","2024-04-11 09:25:20","u1004798","Linux","#1 SMP Tue Aug 18 14:50:17 EDT 2020","3.10.0-1160.el7.x86_64","x86_64",0,0,0.9615384615384616,1,0.006011542160949022,0,0,0,0,0,0.9837837837837838,0.10429687474532046,0.55,5e-4,"nlme (>= 3.1-64)#methods#stats#graphics#Matrix#splines#utils#parallel#survival#MASS#Depends#Imports#Imports#Imports#Imports#Imports#Imports#Suggests#Suggests#Suggests",0.01098694263059318,0.9997232886296924,0.7372629470820018,"High"
"nlme","3.1-164","/tmp/RtmplBQ58X/temp_file_61152cb59a93/nlme","2024-04-11 09:36:23","u1004798","Linux","#1 SMP Tue Aug 18 14:50:17 EDT 2020","3.10.0-1160.el7.x86_64","x86_64",1,0,0.8596491228070176,1,0.010422456920511396,0,0,0,1,0,0.9908256880733946,0.2042278486341209,0.55,0.5452,"graphics#stats#utils#lattice#Hmisc#MASS#SASmixed#Imports#Imports#Imports#Imports#Suggests#Suggests#Suggests",0.0024726231566347743,0.9995422129942471,0.5428363098007033,"High"
"patchwork","1.2.0","/tmp/RtmplBQ58X/temp_file_6115551792cc/patchwork-1.2.0","2024-04-11 09:48:22","u1004798","Linux","#1 SMP Tue Aug 18 14:50:17 EDT 2020","3.10.0-1160.el7.x86_64","x86_64",0,0,0.9333333333333333,1,0.05098572399728076,1,1,1,1,1,1,0.554587455172015,0.65,0.5115999999999999,"ggplot2 (>= 3.0.0)#gtable#grid#stats#grDevices#utils#graphics#rlang#cli#knitr#rmarkdown#gridGraphics#gridExtra#ragg#testthat (>= 2.1.0)#vdiffr#covr#png#Imports#Imports#Imports#Imports#Imports#Imports#Imports#Imports#Imports#Suggests#Suggests#Suggests#Suggests#Suggests#Suggests#Suggests#Suggests#Suggests",0.3775406687981454,0.9982337805194078,0.3166283218137065,"Medium"
"PWEALL","1.3.0.1","/tmp/RtmplBQ58X/temp_file_611572d965d4/PWEALL","2024-04-11 09:51:18","u1004798","Linux","#1 SMP Tue Aug 18 14:50:17 EDT 2020","3.10.0-1160.el7.x86_64","x86_64",0,0,0.9767441860465116,1,0.0933997509339975,0,0,0,0,0,1,0.40849627761291174,0.55,0,"survival#stats#Imports#Imports",2.0342697805520653e-4,0.1498130634417619,0.7196390121253733,"High"
"RBesT","1.7-3","/tmp/RtmplBQ58X/temp_file_61152eee2b98/RBesT-1.7-3","2024-04-11 09:54:10","u1004798","Linux","#1 SMP Tue Aug 18 14:50:17 EDT 2020","3.10.0-1160.el7.x86_64","x86_64",0,0,1,1,0.03560408260147163,1,0,1,1,1,1,0.39931684607837403,0,0,"methods#Rcpp (>= 0.12.0)#RcppParallel (>= 5.0.1)#rstan (>= 2.26.0)#rstantools (>= 2.3.1)#assertthat#mvtnorm#Formula#checkmate#bayesplot (>= 1.4.0)#ggplot2#dplyr#stats#utils#matrixStats#abind#rlang#BH (>= 1.72.0)#Rcpp (>= 0.12.0)#RcppEigen (>= 0.3.3.3.0)#RcppParallel (>= 5.0.1)#rstan (>= 2.26.0)#StanHeaders (>= 2.26.0)#rmarkdown#knitr#testthat (>= 2.0.0)#foreach#purrr#rstanarm (>= 2.17.2)#scales#tools#broom#tidyr#parallel#brms#glue#ragg#Imports#Imports#Imports#Imports#Imports#Imports#Imports#Imports#Imports#Imports#Imports#Imports#Imports#Imports#Imports#Imports#Imports#LinkingTo#LinkingTo#LinkingTo#LinkingTo#LinkingTo#LinkingTo#Suggests#Suggests#Suggests#Suggests#Suggests#Suggests#Suggests#Suggests#Suggests#Suggests#Suggests#Suggests#Suggests#Suggests",0.9998766054240137,0.2463761405226441,0.44367258312946756,"High"
"brms","2.21.0","/tmp/RtmpuUJk2D/temp_file_77dd77504318/brms-2.21.0","2024-04-11 10:25:20","u1004798","Linux","#1 SMP Tue Aug 18 14:50:17 EDT 2020","3.10.0-1160.el7.x86_64","x86_64",0,0,0.9837837837837838,1,0.0013460037149702533,1,1,1,1,1,1,0.043632586573286614,0,0,"Rcpp (>= 0.12.0)#methods#rstan (>= 2.29.0)#ggplot2 (>= 2.0.0)#loo (>= 2.3.1)#posterior (>= 1.0.0)#Matrix (>= 1.1.1)#mgcv (>= 1.8-13)#rstantools (>= 2.1.1)#bayesplot (>= 1.5.0)#bridgesampling (>= 0.3-0)#glue (>= 1.3.0)#rlang (>= 1.0.0)#future (>= 1.19.0)#future.apply (>= 1.0.0)#matrixStats#nleqslv#nlme#coda#abind#stats#utils#parallel#grDevices#backports#testthat (>= 0.9.1)#emmeans (>= 1.4.2)#cmdstanr (>= 0.5.0)#projpred (>= 2.0.0)#shinystan (>= 2.4.0)#splines2 (>= 0.5.0)#RWiener#rtdists#extraDistr#processx#mice#spdep#mnormt#lme4#MCMCglmm#ape#arm#statmod#digest#diffobj#R.rsp#gtable#shiny#knitr#rmarkdown#Depends#Depends#Imports#Imports#Imports#Imports#Imports#Imports#Imports#Imports#Imports#Imports#Imports#Imports#Imports#Imports#Imports#Imports#Imports#Imports#Imports#Imports#Imports#Imports#Imports#Suggests#Suggests#Suggests#Suggests#Suggests#Suggests#Suggests#Suggests#Suggests#Suggests#Suggests#Suggests#Suggests#Suggests#Suggests#Suggests#Suggests#Suggests#Suggests#Suggests#Suggests#Suggests#Suggests#Suggests#Suggests",0.9999998144608981,0.7604406755505904,0.4403206153114809,"High"
"rjags","4-15","/tmp/RtmpuUJk2D/temp_file_77dd1831fed5/rjags","2024-04-11 10:28:33","u1004798","Linux","#1 SMP Tue Aug 18 14:50:17 EDT 2020","3.10.0-1160.el7.x86_64","x86_64",0,0,0.9375,1,0,0,0,0,1,0,1,0.554587455172015,0.4,0.0235,"coda (>= 0.13)#tcltk#Depends#Suggests",2.0342697805520653e-4,0.9606578659162156,0.6558883431132407,"High"
"tmle","2.0.0","/tmp/RtmpaB6shm/temp_file_1bb42fe43b3c/tmle-2.0.0","2024-04-11 10:31:31","u1004798","Linux","#1 SMP Tue Aug 18 14:50:17 EDT 2020","3.10.0-1160.el7.x86_64","x86_64",0,0,1,1,0.08094981111710739,0,0,0,1,0,0,0.7772998611746912,0.65,0.0025,"glmnet#SuperLearner (>= 2.0)#dbarts (>= 0.9-18)#gam (>= 1.15)#ROCR (>= 1.0-7)#WeightedROC#Depends#Depends#Suggests#Suggests#Suggests#Suggests",0.0015011822567369917,0.2463761405226441,0.642709564389951,"High"
"broom","1.0.5","/tmp/RtmpOY3y19/temp_file_47976e794b0a/broom-1.0.5","2024-04-11 10:57:42","u1004798","Linux","#1 SMP Tue Aug 18 14:50:17 EDT 2020","3.10.0-1160.el7.x86_64","x86_64",0,0,0.9957627118644068,1,0.022445009726170882,1,1,1,1,1,1,0.6224593312018546,0.55,0.0077,"backports#dplyr (>= 1.0.0)#ellipsis#generics (>= 0.0.2)#glue#lifecycle#purrr#rlang#stringr#tibble (>= 3.0.0)#tidyr (>= 1.0.0)#AER#AUC#bbmle#betareg#biglm#binGroup#boot#btergm (>= 1.10.6)#car#carData#caret#cluster#cmprsk#coda#covr#drc#e1071#emmeans#epiR#ergm (>= 3.10.4)#fixest (>= 0.9.0)#gam (>= 1.15)#gee#geepack#ggplot2#glmnet#glmnetUtils#gmm#Hmisc#irlba#interp#joineRML#Kendall#knitr#ks#Lahman#lavaan#leaps#lfe#lm.beta#lme4#lmodel2#lmtest (>= 0.9.38)#lsmeans#maps#margins#MASS#mclust#mediation#metafor#mfx#mgcv#mlogit#modeldata#modeltests#muhaz#multcomp#network#nnet#orcutt (>= 2.2)#ordinal#plm#poLCA#psych#quantreg#rmarkdown#robust#robustbase#rsample#sandwich#sp#spdep (>= 1.1)#spatialreg#speedglm#spelling#survey#survival#systemfit#testthat (>= 2.1.0)#tseries#vars#zoo#Imports#Imports#Imports#Imports#Imports#Imports#Imports#Imports#Imports#Imports#Imports#Suggests#Suggests#Suggests#Suggests#Suggests#Suggests#Suggests#Suggests#Suggests#Suggests#Suggests#Suggests#Suggests#Suggests#Suggests#Suggests#Suggests#Suggests#Suggests#Suggests#Suggests#Suggests#Suggests#Suggests#Suggests#Suggests#Suggests#Suggests#Suggests#Suggests#Suggests#Suggests#Suggests#Suggests#Suggests#Suggests#Suggests#Suggests#Suggests#Suggests#Suggests#Suggests#Suggests#Suggests#Suggests#Suggests#Suggests#Suggests#Suggests#Suggests#Suggests#Suggests#Suggests#Suggests#Suggests#Suggests#Suggests#Suggests#Suggests#Suggests#Suggests#Suggests#Suggests#Suggests#Suggests#Suggests#Suggests#Suggests#Suggests#Suggests#Suggests#Suggests#Suggests#Suggests#Suggests#Suggests#Suggests#Suggests#Suggests#Suggests#Suggests#Suggests",1,0.9971922759367701,0.32378366603626507,"Medium"
"ggsurvfit","1.0.0","/tmp/RtmpOY3y19/temp_file_47976d2e8970/ggsurvfit-1.0.0","2024-04-11 11:03:21","u1004798","Linux","#1 SMP Tue Aug 18 14:50:17 EDT 2020","3.10.0-1160.el7.x86_64","x86_64",0,0,0.9629629629629629,1,0.08370535714285714,1,1,1,1,1,0.9333333333333333,0.47020873062827817,0,0,"broom (>= 1.0.0)#cli (>= 3.0.0)#dplyr (>= 1.0.3)#ggplot2 (>= 3.4.0)#glue (>= 1.6.0)#gtable#patchwork (>= 1.1.0)#rlang (>= 1.0.0)#survival (>= 3.4-0)#tidyr (>= 1.0.0)#covr#knitr#rmarkdown#scales (>= 1.1.0)#spelling#testthat (>= 3.2.0)#tidycmprsk (>= 1.0.0)#vdiffr (>= 1.0.0)#withr#Imports#Imports#Imports#Imports#Imports#Imports#Imports#Imports#Imports#Imports#Suggests#Suggests#Suggests#Suggests#Suggests#Suggests#Suggests#Suggests#Suggests",0.5,0.20261296809401,0.4768527592675099,"High"
"survival","3.5-8","/tmp/Rtmp58iFqN/temp_file_747066ccf33d/survival","2024-04-16 13:10:22","u1004798","Linux","#1 SMP Tue Aug 18 14:50:17 EDT 2020","3.10.0-1160.el7.x86_64","x86_64",0,0,0.9621212121212122,1,0.007777259293824856,0,1,1,1,0,1,0.28014527823990476,0.30000000000000004,0.6656,"graphics#Matrix#methods#splines#stats#utils#Imports#Imports#Imports#Imports#Imports#Imports",0.0015011822567369917,0.9999987184162413,0.4908508422615916,"High"
"flextable","0.8.1","/tmp/Rtmp7B7BNd/temp_file_6d12b38c237/flextable","2024-04-17 10:05:13","u1004798","Linux","#1 SMP Tue Aug 18 14:50:17 EDT 2020","3.10.0-1160.el7.x86_64","x86_64",1,0,1,1,0.015320192013073232,1,0,1,1,1,1,0.15205344711382163,0,0.46659999999999996,"stats#utils#grDevices#graphics#officer (>= 0.4.4)#rmarkdown#knitr#htmltools#xml2#data.table (>= 1.13.0)#uuid
(>= 0.1-4)#gdtools (>= 0.1.6)#rlang#base64enc#grid#testthat (>= 2.1.0)#magick#equatags#commonmark#ggplot2#scales#webshot#doconv (>= 0.1.4)#locatexec#xtable#broom#broom.mixed#mgcv#cluster#lme4#nlme#bookdown#pdftools#officedown#Imports#Imports#Imports#Imports#Imports#Imports#Imports#Imports#Imports#Imports#Imports#Imports#Imports#Imports#Imports#Suggests#Suggests#Suggests#Suggests#Suggests#Suggests#Suggests#Suggests#Suggests#Suggests#Suggests#Suggests#Suggests#Suggests#Suggests#Suggests#Suggests#Suggests#Suggests",0.9994472213630764,0.9168838116055859,0.35200895946087807,"High"
"forcats","1.0.0","/tmp/Rtmp7B7BNd/temp_file_6d12365a21ca/forcats-1.0.0","2024-04-17 10:10:00","u1004798","Linux","#1 SMP Tue Aug 18 14:50:17 EDT 2020","3.10.0-1160.el7.x86_64","x86_64",0,0,1,1,0.09511731135066583,1,1,1,1,1,0.9743589743589743,0.42280977952578136,0,0,"cli (>= 3.4.0)#glue#lifecycle#magrittr#rlang (>= 1.0.0)#tibble#covr#dplyr#ggplot2#knitr#readr#rmarkdown#testthat (>= 3.0.0)#withr#Imports#Imports#Imports#Imports#Imports#Imports#Suggests#Suggests#Suggests#Suggests#Suggests#Suggests#Suggests#Suggests",0.07585818002124355,0.9984928952643956,0.5190567090198481,"High"
"huxtable","5.5.6","/tmp/Rtmp7B7BNd/temp_file_6d1239d07c05/huxtable-5.5.6-rc1","2024-04-17 10:11:46","u1004798","Linux","#1 SMP Tue Aug 18 14:50:17 EDT 2020","3.10.0-1160.el7.x86_64","x86_64",0,0,0.9574468085106383,1,0.02839833396440742,1,0,1,1,1,1,0.0433331699594548,0.4,0.8342,"assertthat#commonmark#fansi#generics#glue#htmltools#memoise#R6#rlang#stats#stringi#stringr (>= 1.2.0)#tidyselect#utils#xml2#AER#bookdown#broom (>= 0.5.1)#broom.mixed#covr#crayon#devtools#dplyr (>= 0.7.0)#flextable (>= 0.6.9)#ftExtra (>= 0.0.2)#ggplot2#httr#knitr#lme4#lmtest#nlme#nnet#officer#openxlsx#psych#quarto#rmarkdown#sandwich#scales#testthat#tibble#tinytex#Imports#Imports#Imports#Imports#Imports#Imports#Imports#Imports#Imports#Imports#Imports#Imports#Imports#Imports#Imports#Suggests#Suggests#Suggests#Suggests#Suggests#Suggests#Suggests#Suggests#Suggests#Suggests#Suggests#Suggests#Suggests#Suggests#Suggests#Suggests#Suggests#Suggests#Suggests#Suggests#Suggests#Suggests#Suggests#Suggests#Suggests#Suggests#Suggests",0.9999898700090192,0.5138014606824368,0.29078710554977694,"Medium"
"survminer","0.4.9","/tmp/Rtmp7B7BNd/temp_file_6d126ed4d6e8/survminer-0.4.9","2024-04-17 10:31:12","u1004798","Linux","#1 SMP Tue Aug 18 14:50:17 EDT 2020","3.10.0-1160.el7.x86_64","x86_64",0,0,0.9666666666666667,1,0.05062436719541006,1,0,1,1,1,0.96875,0.45903861544305535,0.30000000000000004,0.0959,"ggplot2#ggpubr(>= 0.1.6)#grid#gridExtra (>= 2.0)#magrittr#maxstat#methods#scales#survival#stats#broom#dplyr#tidyr#survMisc#purrr#tibble#rlang#ggtext (>= 0.1.0)#knitr#flexsurv#cmprsk#markdown#testthat#rmarkdown#Depends#Depends#Imports#Imports#Imports#Imports#Imports#Imports#Imports#Imports#Imports#Imports#Imports#Imports#Imports#Imports#Imports#Imports#Suggests#Suggests#Suggests#Suggests#Suggests#Suggests",0.9241418199787566,0.8456569370769952,0.3920515756594112,"High"
"ggpmisc","0.5.2","/tmp/Rtmp4rju77/temp_file_5c0d2914c7e8/ggpmisc-0.5.2","2024-04-17 11:08:20","u1004798","Linux","#1 SMP Tue Aug 18 14:50:17 EDT 2020","3.10.0-1160.el7.x86_64","x86_64",0,0,0.9473684210526315,1,0.03081980686254366,1,1,1,1,1,1,0.34582125006118425,0.19999999999999996,0.15839999999999999,"ggpp (>= 0.4.5)#grid#stats#ggplot2 (>= 3.4.0)#scales (>= 1.2.0)#rlang (>= 1.0.0)#generics (>= 0.1.2)#MASS (>= 7.3-51.6)#confintr (>= 0.1.2)#polynom (>= 1.4-0)#quantreg (>= 5.93)#lmodel2 (>= 1.7-3)#splus2R (>= 1.3-3)#tibble (>= 3.1.5)#plyr (>= 1.8.6)#dplyr (>= 1.0.6)#lubridate (>= 1.7.10)#knitr (>= 1.39)#rmarkdown (>= 2.14)#ggrepel (>= 0.9.1)#broom (>= 0.8.0)#broom.mixed (>= 0.2.9.4)#nlme (>= 3.1-152)#gginnards (>= 0.1.0-1)#Depends#Imports#Imports#Imports#Imports#Imports#Imports#Imports#Imports#Imports#Imports#Imports#Imports#Imports#Imports#Imports#Imports#Suggests#Suggests#Suggests#Suggests#Suggests#Suggests#Suggests",0.9241418199787566,0.5138014606824368,0.38464806671071483,"High"
"mmrm","0.3.11","/tmp/RtmpFep1S0/temp_file_732841665e7d/mmrm-0.3.11","2024-04-17 16:20:06","u1004798","Linux","#1 SMP Tue Aug 18 14:50:17 EDT 2020","3.10.0-1160.el7.x86_64","x86_64",0,0,0.9903846153846154,1,0.055865921787709494,1,0,1,1,1,1,0.554587455172015,0,0,"checkmate (>= 2.0)#generics#lifecycle#Matrix#methods#nlme#parallel#Rcpp#Rdpack#stats#stringr#tibble#TMB (>= 1.9.1)#utils#car (>= 3.1.2)#cli#clubSandwich#clusterGeneration#dplyr#emmeans (>= 1.6)#estimability#ggplot2#glmmTMB#hardhat#knitr#lme4#MASS#microbenchmark#mockery#parallelly (>= 1.32.0)#parsnip (>= 1.1.0)#purrr#rmarkdown#sasr#scales#testthat (>= 3.0.0)#tidymodels#xml2#Rcpp#RcppEigen#testthat#TMB (>= 1.9.1)#Imports#Imports#Imports#Imports#Imports#Imports#Imports#Imports#Imports#Imports#Imports#Imports#Imports#Imports#Suggests#Suggests#Suggests#Suggests#Suggests#Suggests#Suggests#Suggests#Suggests#Suggests#Suggests#Suggests#Suggests#Suggests#Suggests#Suggests#Suggests#Suggests#Suggests#Suggests#Suggests#Suggests#Suggests#Suggests#LinkingTo#LinkingTo#LinkingTo#LinkingTo",0.9999898700090192,0.26672099661068716,0.4369377512795053,"High"
"rpact","3.5.1","/tmp/RtmpH76f74/temp_file_70a96a7db190/rpact-3.5.1","2024-04-18 09:52:05","u1004798","Linux","#1 SMP Tue Aug 18 14:50:17 EDT 2020","3.10.0-1160.el7.x86_64","x86_64",0,0,0.42567567567567566,1,0.0026132859457481837,1,1,1,1,1,0.9777777777777777,0.2506388697682408,0,0,"methods#stats#utils#graphics#tools#rlang#knitr (>= 1.19)#Rcpp (>= 1.0.3)#Rcpp#ggplot2 (>= 2.2.0)#testthat (>= 3.0.0)#rmarkdown (>= 1.10)#Imports#Imports#Imports#Imports#Imports#Imports#Imports#Imports#LinkingTo#Suggests#Suggests#Suggests",0.02931223075135632,0.17814572600627945,0.5847027156248814,"High"
"farver","2.1.1","/tmp/RtmpToMhtw/temp_file_7cd42251c047/farver-2.1.1","2024-04-18 10:09:22","u1004798","Linux","#1 SMP Tue Aug 18 14:50:17 EDT 2020","3.10.0-1160.el7.x86_64","x86_64",0,0,1,1,0.23547880690737832,1,1,0,1,1,1,0.5862809960511239,0.65,0.4961,"covr#testthat (>= 3.0.0)#Suggests#Suggests",2.0342697805520653e-4,0.4256610623657836,0.4301906077245746,"High"
"marginaleffects","0.16.0","/tmp/RtmpToMhtw/temp_file_7cd45fe94891/marginaleffects-0.16.0","2024-04-18 10:12:01","u1004798","Linux","#1 SMP Tue Aug 18 14:50:17 EDT 2020","3.10.0-1160.el7.x86_64","x86_64",0,0,0.9705882352941176,1,0.018206092972448112,1,0,0,1,1,1,0.4429939605574128,0.19999999999999996,0,"checkmate#data.table#generics#insight (>= 0.19.1)#methods#rlang#Rcpp (>= 1.0.0)#Rcpp#RcppEigen#AER#Amelia#afex#aod#bench#betareg#BH#bife#biglm#blme#boot#brglm2#brms#brmsmargins#broom#car#carData#causaldata#collapse#conflicted#covr#crch#DALEXtra#DCchoice#distributional#dplyr#emmeans#equivalence#estimatr#fixest#fmeffects#fontquiver#future#fwb#gam#gamlss#gamlss.dist#geepack#ggdag#ggdist#ggokabeito#ggplot2#ggrepel#glmmTMB#glmx#haven#here#itsadug#ivreg#kableExtra#knitr#lme4#lmerTest#logistf#magrittr#margins#MatchIt#MASS#mclogit#MCMCglmm#missRanger#mgcv#mhurdle#mice#miceadds#mlogit#mlr3verse#modelbased#modelsummary#nlme#nnet#numDeriv#optmatch#ordinal#parameters#parsnip#patchwork#pkgdown#phylolm#plm#polspline#poorman#posterior#prediction#pscl#purrr#quantreg#Rchoice#remotes#rmarkdown#rms#robust#robustbase#robustlmm#rsample#rstanarm#rstantools#rsvg#sampleSelection#sandwich#scam#spelling#speedglm#survey#survival#svglite#systemfonts#tibble#tidymodels#tidyr#tidyverse#tinysnapshot#tinytest#titanic#truncreg#tsModel#withr#workflows#yaml#xgboost#testthat (>= 3.0.0)#Imports#Imports#Imports#Imports#Imports#Imports#Imports#LinkingTo#LinkingTo#Suggests#Suggests#Suggests#Suggests#Suggests#Suggests#Suggests#Suggests#Suggests#Suggests#Suggests#Suggests#Suggests#Suggests#Suggests#Suggests#Suggests#Suggests#Suggests#Suggests#Suggests#Suggests#Suggests#Suggests#Suggests#Suggests#Suggests#Suggests#Suggests#Suggests#Suggests#Suggests#Suggests#Suggests#Suggests#Suggests#Suggests#Suggests#Suggests#Suggests#Suggests#Suggests#Suggests#Suggests#Suggests#Suggests#Suggests#Suggests#Suggests#Suggests#Suggests#Suggests#Suggests#Suggests#Suggests#Suggests#Suggests#Suggests#Suggests#Suggests#Suggests#Suggests#Suggests#Suggests#Suggests#Suggests#Suggests#Suggests#Suggests#Suggests#Suggests#Suggests#Suggests#Suggests#Suggests#Suggests#Suggests#Suggests#Suggests#Suggests#Suggests#Suggests#Suggests#Suggests#Suggests#Suggests#Suggests#Suggests#Suggests#Suggests#Suggests#Suggests#Suggests#Suggests#Suggests#Suggests#Suggests#Suggests#Suggests#Suggests#Suggests#Suggests#Suggests#Suggests#Suggests#Suggests#Suggests#Suggests#Suggests#Suggests#Suggests#Suggests#Suggests#Suggests#Suggests#Suggests#Suggests#Suggests#Suggests#Suggests#Suggests",1,0.44125556218461953,0.49882251509169484,"High"
"rms","6.7-1","/tmp/RtmpWo0pSi/temp_file_1d462871b43f/rms","2024-04-18 10:24:18","u1004798","Linux","#1 SMP Tue Aug 18 14:50:17 EDT 2020","3.10.0-1160.el7.x86_64","x86_64",0,0,0.9879518072289156,1,0.00768481991905323,0,1,0,1,0,0.9906542056074766,0.20816531221225754,0,0,"Hmisc (>= 5.1-0)#methods#survival#quantreg#ggplot2#SparseM#rpart#nlme (>=
3.1-123)#polspline#multcomp#htmlTable (>= 1.11.0)#htmltools#MASS#cluster#digest#colorspace#knitr#grDevices#boot#tcltk#plotly (>= 4.5.6)#mice#rmsb#nnet#VGAM#lattice#kableExtra#Depends#Imports#Imports#Imports#Imports#Imports#Imports#Imports#Imports#Imports#Imports#Imports#Imports#Imports#Imports#Imports#Imports#Imports#Suggests#Suggests#Suggests#Suggests#Suggests#Suggests#Suggests#Suggests#Suggests",0.9820137900379085,0.9392816377868649,0.6069917235573596,"High"
"arm","1.13-1","/tmp/RtmpKyraR0/temp_file_2b774393b18c/arm","2024-04-18 10:32:42","u1004798","Linux","#1 SMP Tue Aug 18 14:50:17 EDT 2020","3.10.0-1160.el7.x86_64","x86_64",1,0,1,1,0.04612546125461255,0,0,0,1,0,0.9555555555555556,0.43782349911420193,0.75,0.0022,"MASS#Matrix (>= 1.0)#stats#lme4 (>= 1.0)#abind#coda#graphics#grDevices#methods#nlme#utils#Depends#Depends#Depends#Depends#Imports#Imports#Imports#Imports#Imports#Imports#Imports",0.01798620996209156,0.7734742295726875,0.5568356971686195,"High"
"ashr","2.2-63","/tmp/RtmpKyraR0/temp_file_2b7750073c19/ashr-2.2-63","2024-04-18 10:35:54","u1004798","Linux","#1 SMP Tue Aug 18 14:50:17 EDT 2020","3.10.0-1160.el7.x86_64","x86_64",0,0,1,1,0.07317073170731707,1,1,1,1,0,1,0.26354802936532107,0.55,0.6099,"Matrix#stats#graphics#Rcpp (>= 0.10.5)#truncnorm#mixsqp#SQUAREM#etrunct#invgamma#testthat#knitr#rmarkdown#ggplot2#REBayes#Rcpp#Imports#Imports#Imports#Imports#Imports#Imports#Imports#Imports#Imports#Suggests#Suggests#Suggests#Suggests#Suggests#LinkingTo",0.11920292202211755,0.3933404258867467,0.39669135199449757,"High"
"brglm2","0.9.1","/tmp/RtmpKyraR0/temp_file_2b7767245aad/brglm2-0.9.1","2024-04-18 10:40:10","u1004798","Linux","#1 SMP Tue Aug 18 14:50:17 EDT 2020","3.10.0-1160.el7.x86_64","x86_64",0,0,1,1,0.059880239520958084,1,1,1,1,1,1,0.594831368414695,0.44999999999999996,0.002,"MASS#stats#Matrix#graphics#nnet#enrichwith#numDeriv#detectseparation#knitr#rmarkdown#covr#tinytest#VGAM#brglm#mbrglm#Imports#Imports#Imports#Imports#Imports#Imports#Imports#Suggests#Suggests#Suggests#Suggests#Suggests#Suggests#Suggests#Suggests",0.11920292202211755,0.3765970844076239,0.43457122954877647,"High"
"xCell","1.1.0","/tmp/RtmpeLirKl/temp_file_31557c1c4b20/xCell-1.3","2024-04-18 10:58:53","u1004798","Linux","#1 SMP Tue Aug 18 14:50:17 EDT 2020","3.10.0-1160.el7.x86_64","x86_64",0,0,1,1,0.44510385756676557,0,0,1,1,0,0,0.7772998611746912,0,0,"GSVA#GSEABase#pracma#utils#stats#MASS#digest#curl#quadprog#knitr#rmarkdown#testthat#Imports#Imports#Imports#Imports#Imports#Imports#Imports#Imports#Imports#Suggests#Suggests#Suggests",0.02931223075135632,0.09655800624682276,0.643196374381942,"High"
"BOIN","2.7.2","/tmp/RtmpMLqbtU/temp_file_4ff77201db76/BOIN","2024-04-18 11:30:17","u1004798","Linux","#1 SMP Tue Aug 18 14:50:17 EDT 2020","3.10.0-1160.el7.x86_64","x86_64",0,0,1,1,0.0581170089112747,0,0,0,0,0,1,0.6430351732775006,0.75,0,"Iso#Imports",1.2339457598623172e-4,0.17814572600627945,0.6768188959729574,"High"
"clubSandwich","0.5.10","/tmp/RtmpMLqbtU/temp_file_4ff7cd89303/clubSandwich-0.5.10","2024-04-18 11:31:46","u1004798","Linux","#1 SMP Tue Aug 18 14:50:17 EDT 2020","3.10.0-1160.el7.x86_64","x86_64",0,0,1,1,0.061174551386623165,1,0,1,1,1,1,0.6036851467291002,0.44999999999999996,0.6994,"stats#sandwich#Formula#knitr#carData#geepack#metafor#metadat#robumeta#nlme#mlmRev#AER#plm (>= 1.6-4)#Matrix#lme4#zoo#testthat#rmarkdown#covr#ivreg#Imports#Imports#Suggests#Suggests#Suggests#Suggests#Suggests#Suggests#Suggests#Suggests#Suggests#Suggests#Suggests#Suggests#Suggests#Suggests#Suggests#Suggests#Suggests#Suggests",0.6224593312018546,0.44125556218461953,0.3115394397367588,"Medium"
"psborrow2","0.0.3.2","/tmp/Rtmp7Jwyrx/temp_file_595896bb1a2/psborrow2-0.0.3.2","2024-04-18 13:23:04","u1004798","Linux","#1 SMP Tue Aug 18 14:50:17 EDT 2020","3.10.0-1160.el7.x86_64","x86_64",0,0,0.6592592592592592,1,0.03979835500132661,1,1,1,1,0,1,0.2744723602829683,0,0,"checkmate#glue#methods#graphics#posterior#generics#Matrix#mvtnorm#future#simsurv#cmdstanr#survival#flexsurv#testthat (>= 3.0)#usethis (>= 2.1.5)#vdiffr#tibble#xml2#knitr#rmarkdown#bayesplot#matrixcalc#WeightIt#MatchIt#BayesPPD#ggsurvfit#gbm#ggplot2#cobalt#table1#gt#gtsummary#Imports#Imports#Imports#Imports#Imports#Imports#Imports#Imports#Imports#Imports#Suggests#Suggests#Suggests#Suggests#Suggests#Suggests#Suggests#Suggests#Suggests#Suggests#Suggests#Suggests#Suggests#Suggests#Suggests#Suggests#Suggests#Suggests#Suggests#Suggests#Suggests#Suggests",0.998498817743263,0.09655800624682276,0.4998263966382378,"High"
"reshape2","1.4.4","/tmp/Rtmp7Jwyrx/temp_file_59586c997b33/reshape-1.4.4","2024-04-18 13:25:57","u1004798","Linux","#1 SMP Tue Aug 18 14:50:17 EDT 2020","3.10.0-1160.el7.x86_64","x86_64",0,0,1,1,0.32051282051282054,1,1,0,1,1,1,0.6542169715591484,0.65,0.7958,"plyr (>= 1.8.1)#Rcpp#stringr#covr#lattice#testthat (>= 0.8.0)#Rcpp#Imports#Imports#Imports#Suggests#Suggests#Suggests#LinkingTo",0.0024726231566347743,0.9790961101951816,0.38469628602307293,"High"
"censReg","0.5-36","/tmp/RtmpixkHiL/temp_file_446029bb7f5c/censReg","2024-04-18 14:00:57","u1004798","Linux","#1 SMP Tue Aug 18 14:50:17 EDT 2020","3.10.0-1160.el7.x86_64","x86_64",1,0,1,1,0.1976284584980237,0,0,1,1,0,1,0.7310585786300049,0.30000000000000004,0.8758,"maxLik (>= 0.7-3)#glmmML (>= 0.81-6)#sandwich (>= 2.2-6)#miscTools (>=
0.6-11)#stats (>= 2.15.0)#plm#AER#lmtest (>= 0.9-27)#Depends#Imports#Imports#Imports#Imports#Imports#Suggests#Suggests",0.004070137715896128,0.2463761405226441,0.4111284997239669,"High"
"escalation","0.1.8","/tmp/RtmpixkHiL/temp_file_44604246f40/escalation","2024-04-18 14:13:27","u1004798","Linux","#1 SMP Tue Aug 18 14:50:17 EDT 2020","3.10.0-1160.el7.x86_64","x86_64",0,0,0.9789473684210527,1,0.02439421044072207,1,0,1,0,0,1,0.23616160059594937,0.4,0.7857,"magrittr#dplyr#tidyr (>= 1.0)#tidyselect#stringr#purrr#tibble#ggplot2#gtools#dfcrm#BOIN#trialr (>= 0.1.5)#DiagrammeR#RColorBrewer#viridis#binom#R6#mvtnorm#testthat#knitr#rmarkdown#covr#Depends#Imports#Imports#Imports#Imports#Imports#Imports#Imports#Imports#Imports#Imports#Imports#Imports#Imports#Imports#Imports#Imports#Imports#Suggests#Suggests#Suggests#Suggests",0.8175744761936437,0.09655800624682276,0.4357210005005211,"High"
"geepack","1.3.9","/tmp/RtmpixkHiL/temp_file_446060a5bc5/geepack-1.3.9","2024-04-18 14:25:17","u1004798","Linux","#1 SMP Tue Aug 18 14:50:17 EDT 2020","3.10.0-1160.el7.x86_64","x86_64",0,0,1,1,0.12019230769230768,1,0,1,0,1,0.9166666666666666,0.594831368414695,0.4,0.0013,"methods#MASS#broom#magrittr#Depends#Imports#Imports#Imports",5.527786369235996e-4,0.8575466371056885,0.5640011918552268,"High"
"ggfortify","0.4.15","/tmp/RtmpiD0Bpg/temp_file_2fb664a5fa9b/ggfortify-0.4.15","2024-04-18 16:00:38","u1004798","Linux","#1 SMP Tue Aug 18 14:50:17 EDT 2020","3.10.0-1160.el7.x86_64","x86_64",0,0,1,1,0.053628888094386845,1,1,1,1,1,1,0.6324851971283099,0,0.5597,"methods#ggplot2 (>= 2.0.0)#dplyr (>= 0.3)#tidyr#gridExtra#grid#scales#stringr#tibble#testthat#cluster#changepoint#fGarch#forecast#ggrepel#glmnet#grDevices#KFAS#knitr#lintr#mapdata#markdown#MASS#MSwM#nlme#raster#ROCR#sp#stats#strucchange#survival#timeSeries#tseries#utils#vars#xts#zoo#lfda#Depends#Depends#Imports#Imports#Imports#Imports#Imports#Imports#Imports#Suggests#Suggests#Suggests#Suggests#Suggests#Suggests#Suggests#Suggests#Suggests#Suggests#Suggests#Suggests#Suggests#Suggests#Suggests#Suggests#Suggests#Suggests#Suggests#Suggests#Suggests#Suggests#Suggests#Suggests#Suggests#Suggests#Suggests#Suggests#Suggests",0.9999251537724895,0.6730410980982419,0.3391386249611218,"Medium"
"quantreg","5.97","/tmp/RtmpvhuBci/temp_file_71f820576aa0/quantreg","2024-04-18 16:34:02","u1004798","Linux","#1 SMP Tue Aug 18 14:50:17 EDT 2020","3.10.0-1160.el7.x86_64","x86_64",0,0,0.9746835443037974,1,0.02586206896551724,0,0,0,1,0,0.9354838709677419,0.13441484297970308,0.65,0.5175,"stats#SparseM#methods#graphics#Matrix#MatrixModels#survival#MASS#interp#rgl#logspline#nor1mix#Formula#zoo#R.rsp#conquer#Depends#Depends#Imports#Imports#Imports#Imports#Imports#Imports#Suggests#Suggests#Suggests#Suggests#Suggests#Suggests#Suggests#Suggests",0.18242552380635635,0.9876089245235711,0.5487659492027335,"High"
"cubature","2.0.3","/tmp/RtmpFhJcto/temp_file_41a224c88453/cubature-2.0.3","2024-04-19 10:03:30","u1004798","Linux","#1 SMP Tue Aug 18 14:50:17 EDT 2020","3.10.0-1160.el7.x86_64","x86_64",0,0,1,1,0.2380952380952381,1,0,1,1,1,1,0.6224593312018546,0,0,"Rcpp#Rcpp#testthat#knitr#mvtnorm#benchr#LinkingTo#Imports#Suggests#Suggests#Suggests#Suggests",0.0015011822567369917,0.900968224890814,0.532717955916605,"High"
"DEoptim","2.2-7","/tmp/RtmpFhJcto/temp_file_41a23aaaa094/DEoptim-2.2-7","2024-04-19 10:05:14","u1004798","Linux","#1 SMP Tue Aug 18 14:50:17 EDT 2020","3.10.0-1160.el7.x86_64","x86_64",0,0,1,1,0.3036437246963563,0,1,0,1,0,1,0.7102187327600622,0.65,0.5581,"foreach#iterators#colorspace#lattice#parallel#parallelly#methods#Suggests#Suggests#Suggests#Suggests#Depends#Imports#Imports",0.0024726231566347743,0.7319036348744319,0.4997056337484729,"High"
"ggalluvial","0.12.2","/tmp/RtmpFhJcto/temp_file_41a21da69feb/ggalluvial-0.12.2","2024-04-19 10:06:39","u1004798","Linux","#1 SMP Tue Aug 18 14:50:17 EDT 2020","3.10.0-1160.el7.x86_64","x86_64",0,0,0.8571428571428571,1,0.08441193021947102,1,0,1,1,1,1,0.4482514737771096,0,0,"ggplot2 (>= 2.2)#stats#dplyr (>= 0.7)#tidyr (>= 0.7)#lazyeval#rlang#tidyselect#grid#alluvial#testthat#knitr#rmarkdown#babynames#sessioninfo#ggrepel#ggfittext (>= 0.6)#vdiffr (>= 0.2)#Depends#Imports#Imports#Imports#Imports#Imports#Imports#Suggests#Suggests#Suggests#Suggests#Suggests#Suggests#Suggests#Suggests#Suggests#Suggests",0.2689414213699951,0.47134452688154255,0.5303525732599019,"High"
"gtable","0.3.4","/tmp/RtmpSHQ6DK/temp_file_61811bf08613/gtable-0.3.4","2024-04-19 10:13:32","u1004798","Linux","#1 SMP Tue Aug 18 14:50:17 EDT 2020","3.10.0-1160.el7.x86_64","x86_64",0,0,1,1,0.10337698139214335,1,1,1,1,1,1,0.5471940506865706,0.75,0.5826,"cli#glue#grid#lifecycle#rlang (>= 1.1.0)#covr#ggplot2#knitr#profvis#rmarkdown#testthat (>= 3.0.0)#Imports#Imports#Imports#Imports#Imports#Suggests#Suggests#Suggests#Suggests#Suggests#Suggests",0.01798620996209156,0.9550165765836716,0.32232961045230357,"Medium"
"R2jags","0.7-1","/tmp/Rtmp0ebjMp/temp_file_7c0f2ba40180/R2jags-0.7-1","2024-04-19 10:34:09","u1004798","Linux","#1 SMP Tue Aug 18 14:50:17 EDT 2020","3.10.0-1160.el7.x86_64","x86_64",0,0,1,1,0.13321492007104796,0,0,0,0,0,1,0.6324851971283099,0.75,0.3489,"rjags (>= 3-3)#abind#coda (>= 0.13)#graphics#grDevices#methods#R2WinBUGS#parallel#stats#utils#testthat (>= 3.0.0)#Depends#Imports#Imports#Imports#Imports#Imports#Imports#Imports#Imports#Imports#Suggests",0.01798620996209156,0.7604406755505904,0.6271025530277597,"High"
"simsurv","1.0.0","/tmp/Rtmp0ebjMp/temp_file_7c0f6bdb753a/simsurv-1.0.0","2024-04-19 10:35:32","u1004798","Linux","#1 SMP Tue Aug 18 14:50:17 EDT 2020","3.10.0-1160.el7.x86_64","x86_64",0,0,1,1,0.1744186046511628,1,0,1,0,1,1,0.7310585786300049,0,0,"methods#stats#BB (>= 2014.10.1)#eha (>= 2.4.5)#flexsurv (>= 1.1.0)#knitr (>= 1.15.1)#MASS#rmarkdown#rstpm2 (>= 1.4.1)#survival (>= 2.40.1)#testthat (>= 1.0.2)#Imports#Imports#Suggests#Suggests#Suggests#Suggests#Suggests#Suggests#Suggests#Suggests#Suggests",0.01798620996209156,0.26672099661068716,0.6150347222285422,"High"
