"","pkg_name","pkg_version","pkg_source_path","date_time","executor","sysname","version","release","machine","comments","has_bug_reports_url","license","has_examples","has_maintainer","size_codebase","has_news","has_source_control","has_vignettes","has_website","news_current","export_help","export_calc","check","covr","dependencies","dep_score","revdep_score","overall_risk_score","risk_profile"
"1","checkmate","2.3.1","/tmp/RtmpdVORqw/temp_file_5ad553f236ae/checkmate-2.3.1","2024-03-29 10:34:04","u1004798","Linux","#1 SMP Tue Aug 18 14:50:17 EDT 2020","3.10.0-1160.el7.x86_64","x86_64","Initial run March - April 2024 without rev deps",0,0,1,1,0.100401606425703,1,1,1,1,1,0.997297297297297,0.0276834673086896,0.55,0.9569,"backports (>= 1.1.0)#utils#R6#fastmatch#data.table (>= 1.9.8)#devtools#ggplot2#knitr#magrittr#microbenchmark#rmarkdown#testthat (>= 3.0.4)#tinytest (>= 1.1.0)#tibble#Imports#Imports#Suggests#Suggests#Suggests#Suggests#Suggests#Suggests#Suggests#Suggests#Suggests#Suggests#Suggests#Suggests",0.0758581800212435,0.99955914846469,0.322656867910331,"Medium"
"2","covr","3.6.0","/tmp/RtmpdVORqw/temp_file_5ad533af8d3e/covr-3.6.0","2024-03-29 10:36:14","u1004798","Linux","#1 SMP Tue Aug 18 14:50:17 EDT 2020","3.10.0-1160.el7.x86_64","x86_64","Initial run March - April 2024 without rev deps",0,0,1,1,0.060557125555107,1,1,1,1,1,1,0.532943707051472,0,0,"methods#digest#stats#utils#jsonlite#rex#httr#crayon#withr (>= 1.0.2)#yaml#R6#curl#knitr#rmarkdown#htmltools#DT (>= 0.2)#testthat#rlang#rstudioapi (>= 0.2)#xml2 (>= 1.0.0)#parallel#memoise#mockery#covr#Depends#Imports#Imports#Imports#Imports#Imports#Imports#Imports#Imports#Imports#Suggests#Suggests#Suggests#Suggests#Suggests#Suggests#Suggests#Suggests#Suggests#Suggests#Suggests#Suggests#Suggests#Suggests",0.924141819978757,0.999999999655856,0.423490091072969,"High"
"3","diffdf","1.0.4","/tmp/RtmpdVORqw/temp_file_5ad5148d0a2c/diffdf-1.0.4","2024-03-29 10:40:16","u1004798","Linux","#1 SMP Tue Aug 18 14:50:17 EDT 2020","3.10.0-1160.el7.x86_64","x86_64","Initial run March - April 2024 without rev deps",0,0,1,1,0.179425837320574,1,1,1,1,1,1,0.693596453153698,0.75,0.9162,"tibble#testthat#lubridate#knitr#rmarkdown#purrr#dplyr#stringi#stringr#devtools#covr#Imports#Suggests#Suggests#Suggests#Suggests#Suggests#Suggests#Suggests#Suggests#Suggests#Suggests",0.0179862099620916,0.286347033870421,0.269716653101957,"Medium"
"4","DT","0.32","/tmp/RtmpdVORqw/temp_file_5ad576681d7a/DT-0.32","2024-03-29 10:42:01","u1004798","Linux","#1 SMP Tue Aug 18 14:50:17 EDT 2020","3.10.0-1160.el7.x86_64","x86_64","Initial run March - April 2024 without rev deps",0,0,0.916666666666667,1,0.0869061413673233,1,1,1,1,1,0.976190476190476,0.408496277612912,0.65,0.4771,"htmltools (>= 0.3.6)#htmlwidgets (>= 1.3)#httpuv#jsonlite (>= 0.9.16)#magrittr#crosstalk#jquerylib#promises#knitr (>= 1.8)#rmarkdown#shiny (>= 1.6)#bslib#future#testit#tibble#Imports#Imports#Imports#Imports#Imports#Imports#Imports#Imports#Suggests#Suggests#Suggests#Suggests#Suggests#Suggests#Suggests",0.119202922022118,0.9999149442682,0.356054471674867,"High"
"5","ggiraph","0.7.10","/tmp/RtmpdVORqw/temp_file_5ad51bfd150b/ggiraph-0.7.10","2024-03-29 10:44:15","u1004798","Linux","#1 SMP Tue Aug 18 14:50:17 EDT 2020","3.10.0-1160.el7.x86_64","x86_64","Initial run March - April 2024 without rev deps",0,0,0.972602739726027,1,0.0515641113784806,0,0,1,1,0,1,0.0826264646671259,0,0,"grid#ggplot2 (>= 3.3.0)#htmlwidgets (>= 0.6)#stats#htmltools#Rcpp (>= 0.12.12)#systemfonts#purrr#rlang#uuid#Rcpp#systemfonts#knitr#testthat#rmarkdown#maps#shiny#sf (>= 0.7-3)#quantreg#xml2 (>= 1.0.0)#dplyr#Imports#Imports#Imports#Imports#Imports#Imports#Imports#Imports#Imports#Imports#LinkingTo#LinkingTo#Suggests#Suggests#Suggests#Suggests#Suggests#Suggests#Suggests#Suggests#Suggests",0.731058578630005,0.471344526881543,0.573890645072143,"High"
"6","ggplot2","3.4.4","/tmp/RtmpdVORqw/temp_file_5ad543d67989/ggplot2-3.4.4","2024-03-29 10:47:35","u1004798","Linux","#1 SMP Tue Aug 18 14:50:17 EDT 2020","3.10.0-1160.el7.x86_64","x86_64","Initial run March - April 2024 without rev deps",0,0,0.989583333333333,1,0.00774393391843056,1,1,1,1,1,0.996268656716418,0.0105824606447367,0,0,"cli#glue#grDevices#grid#gtable (>= 0.1.1)#isoband#lifecycle (> 1.0.1)#MASS#mgcv#rlang (>= 1.1.0)#scales (>= 1.2.0)#stats#tibble#vctrs (>= 0.5.0)#withr (>= 2.5.0)#covr#dplyr#ggplot2movies#hexbin#Hmisc#knitr#lattice#mapproj#maps#multcomp#munsell#nlme#profvis#quantreg#ragg#RColorBrewer#rmarkdown#rpart#sf (>= 0.7-3)#svglite (>= 1.2.0.9001)#testthat (>= 3.1.2)#vdiffr (>= 1.0.0)#xml2#Imports#Imports#Imports#Imports#Imports#Imports#Imports#Imports#Imports#Imports#Imports#Imports#Imports#Imports#Imports#Suggests#Suggests#Suggests#Suggests#Suggests#Suggests#Suggests#Suggests#Suggests#Suggests#Suggests#Suggests#Suggests#Suggests#Suggests#Suggests#Suggests#Suggests#Suggests#Suggests#Suggests#Suggests#Suggests",0.999925153772489,1,0.441136576241829,"High"
"7","glue","1.7.0","/tmp/RtmpdVORqw/temp_file_5ad56e279fc3/glue-1.7.0","2024-03-29 10:57:08","u1004798","Linux","#1 SMP Tue Aug 18 14:50:17 EDT 2020","3.10.0-1160.el7.x86_64","x86_64","Initial run March - April 2024 without rev deps",0,0,0.888888888888889,1,0.217706821480406,1,1,1,1,1,1,0.562176500885798,0,0.9853,"methods#crayon#DBI (>= 1.2.0)#dplyr#knitr#magrittr#rlang#rmarkdown#RSQLite#testthat (>= 3.2.0)#vctrs (>= 0.3.0)#waldo (>= 0.3.0)#withr#Imports#Suggests#Suggests#Suggests#Suggests#Suggests#Suggests#Suggests#Suggests#Suggests#Suggests#Suggests#Suggests",0.0474258731775668,0.999991566944218,0.392166632985467,"High"
"8","here","1.0.1","/tmp/RtmpdVORqw/temp_file_5ad553807524/here-1.0.1","2024-03-29 10:58:23","u1004798","Linux","#1 SMP Tue Aug 18 14:50:17 EDT 2020","3.10.0-1160.el7.x86_64","x86_64","Initial run March - April 2024 without rev deps",0,0,1,1,0.531914893617021,1,1,1,1,1,1,0.679178699175393,0.65,0.9867,"rprojroot (>= 2.0.2)#conflicted#covr#fs#knitr#palmerpenguins#plyr#readr#rlang#rmarkdown#testthat#uuid#withr#Imports#Suggests#Suggests#Suggests#Suggests#Suggests#Suggests#Suggests#Suggests#Suggests#Suggests#Suggests#Suggests",0.0474258731775668,0.955016576583672,0.25904265480704,"Medium"
"9","httr2","1.0.0","/tmp/RtmpdVORqw/temp_file_5ad527ccdaea/httr2-1.0.0","2024-03-29 10:59:29","u1004798","Linux","#1 SMP Tue Aug 18 14:50:17 EDT 2020","3.10.0-1160.el7.x86_64","x86_64","Initial run March - April 2024 without rev deps",0,0,0.984848484848485,1,0.0319693094629156,1,1,1,1,1,0.991869918699187,0.179073958334289,0,0,"cli (>= 3.0.0)#curl (>= 5.1.0)#glue#lifecycle#magrittr#openssl#R6#rappdirs#rlang (>= 1.1.0)#vctrs (>= 0.6.3)#withr#askpass#bench#clipr#covr#docopt#httpuv#jose#jsonlite#knitr#rmarkdown#testthat (>= 3.1.8)#tibble#webfakes#xml2#Imports#Imports#Imports#Imports#Imports#Imports#Imports#Imports#Imports#Imports#Imports#Suggests#Suggests#Suggests#Suggests#Suggests#Suggests#Suggests#Suggests#Suggests#Suggests#Suggests#Suggests#Suggests#Suggests",0.952574126822433,0.929939306316638,0.438535678569916,"High"
"10","knitr","1.45","/tmp/RtmpdVORqw/temp_file_5ad53d6b32f6/knitr-1.45","2024-03-29 11:01:58","u1004798","Linux","#1 SMP Tue Aug 18 14:50:17 EDT 2020","3.10.0-1160.el7.x86_64","x86_64","Initial run March - April 2024 without rev deps",0,0,1,1,0.0237379332172812,1,0,1,1,1,1,0.167920328598367,0,0.3904,"evaluate (>= 0.15)#highr#methods#tools#xfun (>= 0.39)#yaml (>= 2.1.19)#bslib#codetools#DBI (>= 0.4-1)#digest#formatR#gifski#gridSVG#htmlwidgets (>= 0.7)#curl#jpeg#JuliaCall (>= 0.11.1)#magick#markdown (>= 1.3)#png#ragg#reticulate (>= 1.4)#rgl (>= 0.95.1201)#rlang#rmarkdown#sass#showtext#styler (>= 1.2.0)#targets (>= 0.6.0)#testit#tibble#tikzDevice (>= 0.10)#tinytex (>= 0.46)#webshot#rstudioapi#svglite#xml2 (>= 1.2.0)#Imports#Imports#Imports#Imports#Imports#Imports#Suggests#Suggests#Suggests#Suggests#Suggests#Suggests#Suggests#Suggests#Suggests#Suggests#Suggests#Suggests#Suggests#Suggests#Suggests#Suggests#Suggests#Suggests#Suggests#Suggests#Suggests#Suggests#Suggests#Suggests#Suggests#Suggests#Suggests#Suggests#Suggests#Suggests#Suggests",0.999876605424014,1,0.403761299983842,"High"
"11","lubridate","1.9.2","/tmp/RtmpdVORqw/temp_file_5ad55f6d9118/lubridate-1.9.2","2024-03-29 11:04:18","u1004798","Linux","#1 SMP Tue Aug 18 14:50:17 EDT 2020","3.10.0-1160.el7.x86_64","x86_64","Initial run March - April 2024 without rev deps",0,0,0.861538461538462,1,0.0325803649000869,1,1,1,1,1,0.870466321243523,0.129839336387177,0.3,0.7574,"methods#generics#timechange (>= 0.1.1)#covr#knitr#rmarkdown#testthat (>= 2.1.0)#vctrs (>= 0.5.0)#Depends#Imports#Imports#Suggests#Suggests#Suggests#Suggests#Suggests",0.00407013771589613,0.999994579616883,0.412329535918389,"High"
"12","magrittr","2.0.3","/tmp/RtmpdVORqw/temp_file_5ad578c188bd/magrittr-2.0.3","2024-03-29 11:08:28","u1004798","Linux","#1 SMP Tue Aug 18 14:50:17 EDT 2020","3.10.0-1160.el7.x86_64","x86_64","Initial run March - April 2024 without rev deps",0,0,0.928571428571429,1,0.477707006369427,1,1,1,1,1,0.880952380952381,0.408496277612912,0.65,0.8386,"covr#knitr#rlang#rmarkdown#testthat#Suggests#Suggests#Suggests#Suggests#Suggests",0.000911051194400645,0.999999999882984,0.308392423653179,"Medium"
"13","MultiGroupSequential","1.1.0","/tmp/RtmpdVORqw/temp_file_5ad5332b0143/MultiGroupSequential","2024-03-29 11:09:42","u1004798","Linux","#1 SMP Tue Aug 18 14:50:17 EDT 2020","3.10.0-1160.el7.x86_64","x86_64","Initial run March - April 2024 without rev deps",0,0,1,1,0.282485875706215,1,0,0,0,1,1,0.578004170633666,0.75,0,"stats#OpenMx#hommel#Imports#Imports#Imports",0.000335350130466478,0.0965580062468228,0.583921358207912,"High"
"14","pandoc","0.2.0","/tmp/RtmpdVORqw/temp_file_5ad54072c6a7/pandoc-0.2.0","2024-03-29 11:11:37","u1004798","Linux","#1 SMP Tue Aug 18 14:50:17 EDT 2020","3.10.0-1160.el7.x86_64","x86_64","Initial run March - April 2024 without rev deps",0,0,1,1,0.134288272157565,1,1,1,1,1,1,0.422809779525781,0.75,0.1385,"fs#rappdirs#rlang (>= 1.0.1)#covr#gh#rmarkdown (>= 2.14)#testthat (>= 3.0.0)#tibble#withr#Imports#Imports#Imports#Suggests#Suggests#Suggests#Suggests#Suggests#Suggests",0.00669285092428486,0.20261296809401,0.384867519183051,"High"
"15","pkglite","0.2.1","/tmp/RtmpdVORqw/temp_file_5ad53eb89507/pkglite-0.2.1","2024-03-29 11:13:17","u1004798","Linux","#1 SMP Tue Aug 18 14:50:17 EDT 2020","3.10.0-1160.el7.x86_64","x86_64","Initial run March - April 2024 without rev deps",0,0,1,1,0.206043956043956,1,1,1,1,1,0.964285714285714,0.481789145013842,0.75,0.9438,"crayon#magrittr#remotes#knitr#rmarkdown#testthat#covr#Imports#Imports#Imports#Suggests#Suggests#Suggests#Suggests",0.00247262315663477,0.0965580062468228,0.277324715129673,"Medium"
"16","purrr","1.0.2","/tmp/RtmpdVORqw/temp_file_5ad5725491a1/purrr-1.0.2","2024-03-29 11:14:29","u1004798","Linux","#1 SMP Tue Aug 18 14:50:17 EDT 2020","3.10.0-1160.el7.x86_64","x86_64","Initial run March - April 2024 without rev deps",0,0,0.9375,1,0.0472887767969735,1,1,1,1,1,0.984126984126984,0.100930173978894,0.4,0.9234,"cli (>= 3.6.1)#lifecycle (>= 1.0.3)#magrittr (>= 1.5.0)#rlang (>= 1.1.1)#vctrs (>= 0.6.3)#covr#dplyr (>= 0.7.8)#httr#knitr#lubridate#rmarkdown#testthat (>= 3.0.0)#tibble#tidyselect#cli#Imports#Imports#Imports#Imports#Imports#Suggests#Suggests#Suggests#Suggests#Suggests#Suggests#Suggests#Suggests#Suggests#LinkingTo",0.119202922022118,0.999999994531293,0.35158910795879,"High"
"17","utf8","1.2.3","/tmp/RtmpM4RrZl/temp_file_4d2f55dfd85d/r-utf8-1.2.3","2024-03-29 11:31:23","u1004798","Linux","#1 SMP Tue Aug 18 14:50:17 EDT 2020","3.10.0-1160.el7.x86_64","x86_64","Initial run March - April 2024 without rev deps",0,0,1,1,0.206327372764787,1,1,1,1,1,1,0.622459331201855,0.65,0.7197,"cli#covr#knitr#rlang#rmarkdown#testthat (>= 3.0.0)#withr#Suggests#Suggests#Suggests#Suggests#Suggests#Suggests#Suggests",0.00247262315663477,0.0965580062468228,0.314771257554485,"Medium"
"18","rhino","1.5.0","/tmp/RtmpM4RrZl/temp_file_4d2f9933a9d/rhino-1.5.0","2024-03-29 11:32:52","u1004798","Linux","#1 SMP Tue Aug 18 14:50:17 EDT 2020","3.10.0-1160.el7.x86_64","x86_64","Initial run March - April 2024 without rev deps",0,0,1,1,0.176470588235294,1,1,1,1,1,1,0.569976227910009,0,0,"box (>= 1.1.3)#cli#config#fs#glue#lintr (>= 3.0.0)#logger#purrr#renv#rstudioapi#sass#shiny#styler#testthat (>= 3.0.0)#utils#withr#yaml#covr#knitr#mockery#rcmdcheck#rmarkdown#shiny.react#spelling#Imports#Imports#Imports#Imports#Imports#Imports#Imports#Imports#Imports#Imports#Imports#Imports#Imports#Imports#Imports#Imports#Imports#Suggests#Suggests#Suggests#Suggests#Suggests#Suggests#Suggests",0.924141819978757,0.149813063441762,0.416911769200336,"High"
"19","riskmetric","0.2.1","/tmp/RtmpM4RrZl/temp_file_4d2f24d56005/riskmetric-0.2.1","2024-03-29 11:34:44","u1004798","Linux","#1 SMP Tue Aug 18 14:50:17 EDT 2020","3.10.0-1160.el7.x86_64","x86_64","Initial run March - April 2024 without rev deps",0,0,1,1,0.0797448165869219,1,1,1,1,1,1,0.44825147377711,0.75,0.5391,"backports#utils#tools#xml2#httr#curl#urltools#memoise#BiocManager#cranlogs#covr#vctrs#pillar#tibble#pkgload#devtools#knitr#rmarkdown#withr#magrittr#dplyr#testthat#webmockr#jsonlite#Imports#Imports#Imports#Imports#Imports#Imports#Imports#Imports#Imports#Imports#Imports#Imports#Imports#Imports#Imports#Imports#Suggests#Suggests#Suggests#Suggests#Suggests#Suggests#Suggests#Suggests",0.924141819978757,0.0965580062468228,0.235778458481251,"Low"
"20","herald","1.0.2","/tmp/RtmpM4RrZl/temp_file_4d2f473789c2/sih-package-herald-1.0.2","2024-03-29 11:41:02","u1004798","Linux","#1 SMP Tue Aug 18 14:50:17 EDT 2020","3.10.0-1160.el7.x86_64","x86_64","Initial run March - April 2024 without rev deps",0,0,1,1,0.0236630383341221,1,0,1,0,1,0.898550724637681,0.224876921145135,0,0,"methods#dplyr#forcats#ggplot2#magrittr#purrr#rlang#tibble#tidyr#mvtnorm#officer#scales#pkgconfig#numDeriv#geomtextpath#ggrepel#knitr#patchwork#rmarkdown#testthat (>= 3.0.0)#Imports#Imports#Imports#Imports#Imports#Imports#Imports#Imports#Imports#Imports#Imports#Imports#Imports#Imports#Imports#Imports#Suggests#Suggests#Suggests#Suggests",0.622459331201855,0.0965580062468228,0.582656386575416,"High"
"21","stringr","1.5.1","/tmp/RtmpM4RrZl/temp_file_4d2f63816ce4/stringr-1.5.1","2024-03-29 11:45:11","u1004798","Linux","#1 SMP Tue Aug 18 14:50:17 EDT 2020","3.10.0-1160.el7.x86_64","x86_64","Initial run March - April 2024 without rev deps",0,0,1,1,0.0816993464052288,1,1,1,1,1,0.983050847457627,0.338432705735493,0.75,0.9949,"cli#glue (>= 1.6.1)#lifecycle (>= 1.0.3)#magrittr#rlang (>= 1.0.0)#stringi (>= 1.5.3)#vctrs (>= 0.4.0)#covr#dplyr#gt#htmltools#htmlwidgets#knitr#rmarkdown#testthat (>= 3.0.0)#tibble#Imports#Imports#Imports#Imports#Imports#Imports#Imports#Suggests#Suggests#Suggests#Suggests#Suggests#Suggests#Suggests#Suggests#Suggests",0.182425523806356,0.999999999429894,0.262088313586484,"Medium"
"22","styler","1.10.2","/tmp/RtmpM4RrZl/temp_file_4d2f4e889ca9/styler-1.10.2","2024-03-29 11:46:48","u1004798","Linux","#1 SMP Tue Aug 18 14:50:17 EDT 2020","3.10.0-1160.el7.x86_64","x86_64","Initial run March - April 2024 without rev deps",0,0,0.990521327014218,1,0.0334746708324035,1,1,1,1,1,1,0.470208730628278,0.65,0.9208,"cli (>= 3.1.1)#magrittr (>= 2.0.0)#purrr (>= 0.2.3)#R.cache (>= 0.15.0)#rlang (>= 1.0.0)#rprojroot (>= 1.1)#tools#vctrs (>= 0.4.1)#withr (>= 2.3.0)#data.tree (>= 0.1.6)#digest#here#knitr#prettycode#rmarkdown#roxygen2#rstudioapi (>= 0.7)#tibble (>= 1.4.2)#testthat (>= 3.0.0)#Imports#Imports#Imports#Imports#Imports#Imports#Imports#Imports#Imports#Suggests#Suggests#Suggests#Suggests#Suggests#Suggests#Suggests#Suggests#Suggests#Suggests",0.5,0.753623859477356,0.250123610516597,"Medium"
"23","teal.builder.checks","0.0.3","/tmp/Rtmp4727TL/temp_file_111717d05811/teal.builder.checks","2024-03-29 12:15:35","u1004798","Linux","#1 SMP Tue Aug 18 14:50:17 EDT 2020","3.10.0-1160.el7.x86_64","x86_64","Initial run March - April 2024 without rev deps",1,0,1,1,0.178997613365155,1,1,1,1,0,1,0.519339362167825,0.65,0.9538,"magrittr#purrr (>= 1.0.0)#checkmate (>= 2.1.0)#lubridate#stringr#dplyr#vctrs#testthat (>= 3.0.0)#quickcheck#knitr#rmarkdown#Imports#Imports#Imports#Imports#Imports#Imports#Imports#Suggests#Suggests#Suggests#Suggests",0.0179862099620916,0.0965580062468228,0.288507419335991,"Medium"
"24","testthat","3.2.1","/tmp/Rtmp4727TL/temp_file_111713d26c60/testthat-3.2.1","2024-03-29 12:17:47","u1004798","Linux","#1 SMP Tue Aug 18 14:50:17 EDT 2020","3.10.0-1160.el7.x86_64","x86_64","Initial run March - April 2024 without rev deps",0,0,0.836734693877551,1,0.0203555434930113,1,1,1,1,1,0.994708994708995,0.100930173978894,0,0,"brio (>= 1.1.3)#callr (>= 3.7.3)#cli (>= 3.6.1)#desc (>= 1.4.2)#digest (>= 0.6.33)#evaluate (>= 0.21)#jsonlite (>= 1.8.7)#lifecycle (>= 1.0.3)#magrittr (>= 2.0.3)#methods#pkgload (>= 1.3.2.1)#praise (>= 1.0.0)#processx (>= 3.8.2)#ps (>= 1.7.5)#R6 (>= 2.5.1)#rlang (>= 1.1.1)#utils#waldo (>= 0.5.1)#withr (>= 2.5.0)#covr#curl (>= 0.9.5)#diffviewer (>= 0.1.0)#knitr#rmarkdown#rstudioapi#shiny#usethis#vctrs (>= 0.1.0)#xml2#Imports#Imports#Imports#Imports#Imports#Imports#Imports#Imports#Imports#Imports#Imports#Imports#Imports#Imports#Imports#Imports#Imports#Imports#Imports#Suggests#Suggests#Suggests#Suggests#Suggests#Suggests#Suggests#Suggests#Suggests#Suggests",0.993307149075715,1,0.450635183973106,"High"
"25","tibble","3.2.1","/tmp/Rtmp4727TL/temp_file_1117ab96936/tibble-3.2.1","2024-03-29 12:18:49","u1004798","Linux","#1 SMP Tue Aug 18 14:50:17 EDT 2020","3.10.0-1160.el7.x86_64","x86_64","Initial run March - April 2024 without rev deps",0,0,0.869565217391304,1,0.0522284122562674,1,1,1,1,1,0.977777777777778,0.394830748992765,0.55,0.821,"fansi (>= 0.4.0)#lifecycle (>= 1.0.0)#magrittr#methods#pillar (>= 1.8.1)#pkgconfig#rlang (>= 1.0.2)#utils#vctrs (>= 0.4.2)#bench#bit64#blob#brio#callr#cli#covr#crayon (>= 1.3.4)#DiagrammeR#dplyr#evaluate#formattable#ggplot2#here#hms#htmltools#knitr#lubridate#mockr#nycflights13#pkgbuild#pkgload#purrr#rmarkdown#stringi#testthat (>= 3.0.2)#tidyr#withr#Imports#Imports#Imports#Imports#Imports#Imports#Imports#Imports#Imports#Suggests#Suggests#Suggests#Suggests#Suggests#Suggests#Suggests#Suggests#Suggests#Suggests#Suggests#Suggests#Suggests#Suggests#Suggests#Suggests#Suggests#Suggests#Suggests#Suggests#Suggests#Suggests#Suggests#Suggests#Suggests#Suggests#Suggests#Suggests",0.999876605424014,0.999999999369185,0.239175961833572,"Low"
"26","vctrs","0.6.5","/tmp/Rtmp4727TL/temp_file_1117589d676c/vctrs-0.6.5","2024-03-29 12:22:20","u1004798","Linux","#1 SMP Tue Aug 18 14:50:17 EDT 2020","3.10.0-1160.el7.x86_64","x86_64","Initial run March - April 2024 without rev deps",0,0,0.870967741935484,1,0.0192752505782575,1,1,1,1,1,0.994736842105263,0.100109167966488,0.65,0.8461,"cli (>= 3.4.0)#glue#lifecycle (>= 1.0.3)#rlang (>= 1.1.0)#bit64#covr#crayon#dplyr (>= 0.8.5)#generics#knitr#pillar (>= 1.4.4)#pkgdown (>= 2.0.1)#rmarkdown#testthat (>= 3.0.0)#tibble (>= 3.1.3)#waldo (>= 0.2.0)#withr#xml2#zeallot#Imports#Imports#Imports#Imports#Suggests#Suggests#Suggests#Suggests#Suggests#Suggests#Suggests#Suggests#Suggests#Suggests#Suggests#Suggests#Suggests#Suggests#Suggests",0.5,0.998014108111266,0.286801860450711,"Medium"
"27","waldo","0.5.2","/tmp/Rtmp4727TL/temp_file_11172cd50b4c/waldo-0.5.2","2024-03-29 12:27:04","u1004798","Linux","#1 SMP Tue Aug 18 14:50:17 EDT 2020","3.10.0-1160.el7.x86_64","x86_64","Initial run March - April 2024 without rev deps",0,0,1,1,0.120481927710843,1,1,0,1,1,1,0.710218732760062,0.75,0.9412,"cli#diffobj (>= 0.3.4)#fansi#glue#methods#rematch2#rlang (>= 1.0.0)#tibble#covr#R6#testthat (>= 3.0.0)#withr#xml2#Imports#Imports#Imports#Imports#Imports#Imports#Imports#Imports#Suggests#Suggests#Suggests#Suggests#Suggests",0.0474258731775668,0.577725137338047,0.351167082003664,"High"
"28","xlsx","0.6.5","/tmp/Rtmp4727TL/temp_file_111745c07ebf/xlsx-0.6.5","2024-03-29 12:28:33","u1004798","Linux","#1 SMP Tue Aug 18 14:50:17 EDT 2020","3.10.0-1160.el7.x86_64","x86_64","Initial run March - April 2024 without rev deps",0,0,1,1,0.0984251968503937,0,1,1,1,0,1,0.291935782665002,0.75,0.7633,"rJava#xlsxjars#grDevices#utils#rprojroot#testthat#covr#tibble#knitr#rmarkdown#Imports#Imports#Imports#Imports#Suggests#Suggests#Suggests#Suggests#Suggests#Suggests",0.0109869426305932,0.773474229572688,0.39697942640465,"High"
"29","synapser","0.2.1","/tmp/Rtmpt5c0tM/temp_file_7bdf58947fb0/synapser","2024-03-29 14:53:55","u1004798","Linux","#1 SMP Tue Aug 18 14:50:17 EDT 2020","3.10.0-1160.el7.x86_64","x86_64","Initial run March - April 2024 without rev deps",1,0,1,1,0.0670241286863271,0,0,1,1,0,1,0.586280996051124,0,0,"cli#curl#magrittr#haven#httr2#stringr#fs#purrr#checkmate#shiny#shinyWidgets#dplyr#shinyjs#shinyBS#bslib#withr#testthat (>= 3.0.0)#tibble#httptest2#knitr#rmarkdown#Imports#Imports#Imports#Imports#Imports#Imports#Imports#Imports#Imports#Imports#Imports#Imports#Imports#Imports#Imports#Suggests#Suggests#Suggests#Suggests#Suggests#Suggests",0.731058578630005,0.0965580062468228,0.506195631341399,"High"
"30","teal.builder.checks","0.0.1","/tmp/Rtmpt5c0tM/temp_file_7bdf4b34bf58/teal.builder.checks","2024-03-29 15:03:12","u1004798","Linux","#1 SMP Tue Aug 18 14:50:17 EDT 2020","3.10.0-1160.el7.x86_64","x86_64","Initial run March - April 2024 without rev deps",0,0,1,1,0.164835164835165,1,0,1,1,1,1,0.519339362167825,0.65,0.9587,"magrittr#purrr (>= 1.0.0)#checkmate (>= 2.1.0)#lubridate#stringr#dplyr#vctrs#testthat (>= 3.0.0)#quickcheck#knitr#rmarkdown#Imports#Imports#Imports#Imports#Imports#Imports#Imports#Suggests#Suggests#Suggests#Suggests",0.0179862099620916,0.0965580062468228,0.309989675186743,"Medium"
"31","Tplyr","1.1.0","/tmp/Rtmpduc8xH/temp_file_4feb1e1a815b/Tplyr-1.1.0","2024-03-29 15:19:42","u1004798","Linux","#1 SMP Tue Aug 18 14:50:17 EDT 2020","3.10.0-1160.el7.x86_64","x86_64","Initial run March - April 2024 without rev deps",0,0,1,1,0.0376789751318764,1,1,1,1,1,0.988636363636364,0.250638869768241,0,0,"rlang (>= 0.4.6)#assertthat (>= 0.2.1)#magrittr (>= 1.5)#dplyr (>= 1.0.0)#purrr (>= 0.3.3)#stringr (>= 1.4.0)#tidyr (>= 1.0.2)#tidyselect (>= 1.1.0)#tibble (>= 3.0.1)#lifecycle#forcats (>= 0.4.0)#testthat (>= 2.1.0)#haven (>= 2.2.0)#knitr#rmarkdown#huxtable#tidyverse#readr#kableExtra#pharmaRTF#withr#Imports#Imports#Imports#Imports#Imports#Imports#Imports#Imports#Imports#Imports#Imports#Suggests#Suggests#Suggests#Suggests#Suggests#Suggests#Suggests#Suggests#Suggests#Suggests",0.731058578630005,0.178145726006279,0.457866638489828,"High"
"32","admiral","1.0.0","/tmp/Rtmpv7pcph/temp_file_551b7f67c196/admiral","2024-03-29 15:26:01","u1004798","Linux","#1 SMP Tue Aug 18 14:50:17 EDT 2020","3.10.0-1160.el7.x86_64","x86_64","Initial run March - April 2024 without rev deps",1,0,0.987012987012987,1,0.0223646936036976,1,1,1,1,1,0.992857142857143,0.153418123706183,0.5,0.979,"admiraldev (>= 1.0.0)#dplyr (>= 1.0.5)#hms (>= 0.5.3)#lifecycle (>= 0.1.0)#lubridate (>= 1.7.4)#magrittr (>= 1.5)#purrr (>= 0.3.3)#rlang (>= 0.4.4)#stringr (>= 1.4.0)#tidyr
(>= 1.0.2)#tidyselect (>= 1.1.0)#diffdf#DT#htmltools#knitr#methods#pharmaversesdtm (>=
0.2.0)#reactable#readxl#rmarkdown#testthat (>= 3.0.0)#tibble#Imports#Imports#Imports#Imports#Imports#Imports#Imports#Imports#Imports#Imports#Imports#Suggests#Suggests#Suggests#Suggests#Suggests#Suggests#Suggests#Suggests#Suggests#Suggests#Suggests",0.817574476193644,0.20261296809401,0.204361198938619,"Low"
"33","rtables","0.6.6","/tmp/Rtmpv7pcph/temp_file_551b647433ff/rtables","2024-03-29 15:32:03","u1004798","Linux","#1 SMP Tue Aug 18 14:50:17 EDT 2020","3.10.0-1160.el7.x86_64","x86_64","Initial run March - April 2024 without rev deps",1,0,0.974358974358974,1,0.0117196655988749,1,1,1,1,1,0.877323420074349,0.10344260222841,0.3,0.9085,"formatters (>= 0.5.5)#magrittr (>= 1.5)#methods#checkmate (>= 2.1.0)#htmltools (>= 0.5.4)#stats#stringi (>=
1.6)#broom (>= 0.7.10)#car (>= 3.0-13)#dplyr (>= 1.0.5)#flextable (>= 0.8.4)#knitr (>= 1.42)#officer (>= 0.5.0)#r2rtf (>= 0.3.2)#survival (>= 3.3-1)#testthat (>= 3.0.4)#tibble (>= 3.2.1)#tidyr (>= 1.1.3)#xml2 (>= 1.1.0)#Depends#Depends#Depends#Imports#Imports#Imports#Imports#Suggests#Suggests#Suggests#Suggests#Suggests#Suggests#Suggests#Suggests#Suggests#Suggests#Suggests#Suggests",0.5,0.305370160880448,0.288528875844319,"Medium"
"34","synapser","0.2.1","/tmp/Rtmpv7pcph/temp_file_551b41da1b98/synapser","2024-03-29 15:41:38","u1004798","Linux","#1 SMP Tue Aug 18 14:50:17 EDT 2020","3.10.0-1160.el7.x86_64","x86_64","Initial run March - April 2024 without rev deps",1,0,1,1,0.0670241286863271,0,0,1,1,0,1,0.586280996051124,0,0,"cli#curl#magrittr#haven#httr2#stringr#fs#purrr#checkmate#shiny#shinyWidgets#dplyr#shinyjs#shinyBS#bslib#withr#testthat (>= 3.0.0)#tibble#httptest2#knitr#rmarkdown#Imports#Imports#Imports#Imports#Imports#Imports#Imports#Imports#Imports#Imports#Imports#Imports#Imports#Imports#Imports#Suggests#Suggests#Suggests#Suggests#Suggests#Suggests",0.731058578630005,0.0965580062468228,0.506195631341399,"High"
"35","teal.builder.modules","0.0.3","/tmp/Rtmpv7pcph/temp_file_551bf11f656/teal.builder.modules","2024-03-29 15:43:27","u1004798","Linux","#1 SMP Tue Aug 18 14:50:17 EDT 2020","3.10.0-1160.el7.x86_64","x86_64","Initial run March - April 2024 without rev deps",0,0,1,1,0.118858954041204,0,0,0,0,0,0.9375,0.381767973968925,0,0.9792,"teal.builder.checks#teal (>= 0.13.0)#teal.data (>= 0.2.0)#teal.code (>= 0.3.0)#teal.reporter (>= 0.1.1)#teal.widgets
(>= 0.3.0)#teal.transform (>= 0.3.0)#teal.modules.general (>=
0.2.15)#teal.modules.clinical (>= 0.8.15)#tern (>= 0.8.2)#rtables (>= 0.6.1)#formatters (>= 0.5.0)#dplyr#ggplot2#purrr (>= 1.0.0)#magrittr#rlang#stringr#testthat (>= 3.0.0)#random.cdisc.data#ggpmisc#ggpp#sparkline#waldo#Imports#Imports#Imports#Imports#Imports#Imports#Imports#Imports#Imports#Imports#Imports#Imports#Imports#Imports#Imports#Imports#Imports#Imports#Suggests#Suggests#Suggests#Suggests#Suggests#Suggests",0.924141819978757,0.0965580062468228,0.583394345034107,"High"
"36","teal.modules.clinical","0.8.16","/tmp/Rtmpv7pcph/temp_file_551b22543da/teal.modules.clinical","2024-03-29 15:47:58","u1004798","Linux","#1 SMP Tue Aug 18 14:50:17 EDT 2020","3.10.0-1160.el7.x86_64","x86_64","Initial run March - April 2024 without rev deps",1,0,0.981818181818182,1,0.00694766095414544,1,1,1,1,1,1,0.338432705735493,0.3,0,"teal (>= 0.14.0)#tern (>= 0.8.2)#assertthat#broom#checkmate#dplyr#DT#formatters (>=
0.5.0)#ggplot2 (>= 3.4.0)#ggrepel#grid#lifecycle#logger
(>= 0.2.0)#magrittr#methods#rlang#rmarkdown#rtables (>=
0.6.1)#scales#shiny#shinyjs#shinyvalidate#shinyWidgets#stats#styler#teal.code (>= 0.4.0)#teal.logger (>= 0.1.1)#teal.reporter (>= 0.2.0)#teal.transform (>= 0.4.0)#teal.widgets (>= 0.4.0)#tern.gee (>= 0.1.0)#tern.mmrm (>=
0.2.1)#tidyr#utils#vistime#forcats#knitr#lubridate#nestcolor (>= 0.1.0)#teal.data
(>= 0.3.0)#testthat (>= 3.0)#Depends#Depends#Imports#Imports#Imports#Imports#Imports#Imports#Imports#Imports#Imports#Imports#Imports#Imports#Imports#Imports#Imports#Imports#Imports#Imports#Imports#Imports#Imports#Imports#Imports#Imports#Imports#Imports#Imports#Imports#Imports#Imports#Imports#Imports#Imports#Suggests#Suggests#Suggests#Suggests#Suggests#Suggests",0.999983298578152,0.0965580062468228,0.33617311927865,"Medium"
"37","teal.modules.general","0.2.16","/tmp/Rtmpv7pcph/temp_file_551b2b06fd94/teal.modules.general","2024-03-29 15:53:09","u1004798","Linux","#1 SMP Tue Aug 18 14:50:17 EDT 2020","3.10.0-1160.el7.x86_64","x86_64","Initial run March - April 2024 without rev deps",0,0,0.976190476190476,1,0.0161099774460316,1,0,1,0,1,1,0.554587455172015,0.4,0.0229,"ggmosaic (>= 0.3.0)#ggplot2#shiny#shinyTree#teal (>= 0.14.0)#checkmate#dplyr#DT#forcats (>= 1.0.0)#grid#logger (>=
0.2.0)#magrittr#scales#shinyjs#shinyvalidate#shinyWidgets#stats#stringr#teal.code (>= 0.4.0)#teal.logger (>= 0.1.1)#teal.reporter (>= 0.2.0)#teal.slice (>= 0.4.0)#teal.transform
(>= 0.4.0)#teal.widgets (>= 0.4.0)#tern (>= 0.7.10)#tibble#tidyr#tidyselect#utils#broom#colourpicker#ggExtra#ggpmisc (>= 0.4.3)#ggpp#goftest#gridExtra#htmlwidgets#jsonlite#knitr#lattice#MASS#methods#nestcolor (>= 0.1.0)#rlang#rmarkdown#rtables
(>= 0.5.1)#sparkline#teal.data (>= 0.3.0)#testthat (>= 2.0)#Depends#Depends#Depends#Depends#Depends#Imports#Imports#Imports#Imports#Imports#Imports#Imports#Imports#Imports#Imports#Imports#Imports#Imports#Imports#Imports#Imports#Imports#Imports#Imports#Imports#Imports#Imports#Imports#Imports#Suggests#Suggests#Suggests#Suggests#Suggests#Suggests#Suggests#Suggests#Suggests#Suggests#Suggests#Suggests#Suggests#Suggests#Suggests#Suggests#Suggests#Suggests#Suggests#Suggests",0.999999694097773,0.0965580062468228,0.45841816687125,"High"
"38","synapser","0.3.0","/tmp/RtmpUylicv/temp_file_2fe2749f3396/bp-art-synapser-0.3.0","2024-03-29 16:00:44","u1004798","Linux","#1 SMP Tue Aug 18 14:50:17 EDT 2020","3.10.0-1160.el7.x86_64","x86_64","Initial run March - April 2024 without rev deps",0,0,1,1,0.0569692366122294,0,0,1,1,0,1,0.547194050686571,0,0,"cli#curl#magrittr#haven#httr2#stringr#fs#purrr#checkmate#shiny#shinyWidgets#dplyr#shinyjs#shinyBS#bslib#withr#testthat (>= 3.0.0)#tibble#httptest2#knitr#rmarkdown#Imports#Imports#Imports#Imports#Imports#Imports#Imports#Imports#Imports#Imports#Imports#Imports#Imports#Imports#Imports#Suggests#Suggests#Suggests#Suggests#Suggests#Suggests",0.731058578630005,0.0965580062468228,0.551320011446288,"High"
"39","teal.builder","0.0.6","/tmp/RtmpUylicv/temp_file_2fe23bf1282c/bp-art-teal.builder-0.0.6","2024-03-29 16:02:52","u1004798","Linux","#1 SMP Tue Aug 18 14:50:17 EDT 2020","3.10.0-1160.el7.x86_64","x86_64","Initial run March - April 2024 without rev deps",0,0,1,1,0.0404967602591793,0,1,0,1,0,0.5,0.679178699175393,0,0,"shiny#teal (>= 0.12.0)#teal.builder.checks#teal.builder.modules#synapser#dplyr#tibble#tidyr#stringr#purrr#rlang#magrittr#ggplot2#config#maybe#checkmate#stringr (>= 1.4.0)#fs#synapser#memoise#haven#bslib#bsicons#sparkline#forcats#pins#ggpmisc#formatR#withr#pkgload#testthat (>= 3.0.0)#utils#httptest2#pkgdown#Imports#Imports#Imports#Imports#Imports#Imports#Imports#Imports#Imports#Imports#Imports#Imports#Imports#Imports#Imports#Imports#Imports#Imports#Imports#Imports#Imports#Imports#Imports#Imports#Imports#Imports#Imports#Imports#Imports#Suggests#Suggests#Suggests#Suggests#Suggests",0.999447221363076,0.0965580062468228,0.603514257512161,"High"
"40","dplyr","1.1.0","/tmp/RtmpKtNrxv/temp_file_4e9143b40828/dplyr-1.1.0","2024-03-29 16:21:47","u1004798","Linux","#1 SMP Tue Aug 18 14:50:17 EDT 2020","3.10.0-1160.el7.x86_64","x86_64","Initial run March - April 2024 without rev deps",0,0,0.93859649122807,1,0.0151914117885355,1,1,1,1,1,0.993174061433447,0.0461191416971477,0,0,"cli (>= 3.4.0)#generics#glue (>= 1.3.2)#lifecycle (>= 1.0.3)#magrittr (>= 1.5)#methods#pillar (>= 1.5.1)#R6#rlang (>= 1.0.6)#tibble (>= 2.1.3)#tidyselect (>= 1.2.0)#utils#vctrs (>= 0.5.2)#bench#broom#callr#covr#DBI#dbplyr (>= 2.2.1)#ggplot2#knitr#Lahman#lobstr#microbenchmark#nycflights13#purrr#rmarkdown#RMySQL#RPostgreSQL#RSQLite#stringi (>= 1.7.6)#testthat (>= 3.1.5)#tidyr (>= 1.3.0)#withr#Imports#Imports#Imports#Imports#Imports#Imports#Imports#Imports#Imports#Imports#Imports#Imports#Imports#Suggests#Suggests#Suggests#Suggests#Suggests#Suggests#Suggests#Suggests#Suggests#Suggests#Suggests#Suggests#Suggests#Suggests#Suggests#Suggests#Suggests#Suggests#Suggests#Suggests#Suggests",0.999447221363076,0.99999999999999,0.443858251579228,"High"
"41","circlize","0.4.13","/tmp/RtmpNeflV6/temp_file_331b2fb1e50d/circlize","2024-04-11 11:29:21","u1004798","Linux","#1 SMP Tue Aug 18 14:50:17 EDT 2020","3.10.0-1160.el7.x86_64","x86_64","Initial run March - April 2024 without rev deps",0,0,1,1,0.0194805194805195,0,1,1,1,0,1,0.198491179904639,0,0.0023,"graphics#GlobalOptions (>= 0.1.2)#shape#grDevices#utils#stats#colorspace#methods#grid#knitr#dendextend (>= 1.0.1)#ComplexHeatmap (>= 2.0.0)#gridBase#png#markdown#bezier#Depends#Imports#Imports#Imports#Imports#Imports#Imports#Imports#Imports#Suggests#Suggests#Suggests#Suggests#Suggests#Suggests#Suggests",0.182425523806356,0.964743089190681,0.6051210533806,"High"
"42","ComplexHeatmap","2.9.4","/tmp/RtmpbDw86j/temp_file_62d5a9e25d/ComplexHeatmap","2024-04-11 12:12:37","u1004798","Linux","#1 SMP Tue Aug 18 14:50:17 EDT 2020","3.10.0-1160.el7.x86_64","x86_64","Initial run March - April 2024 without rev deps",0,0,1,1,0.0081336080685392,0,1,1,1,0,0.995169082125604,0.113327971892921,0,0,"methods#grid#graphics#stats#grDevices#circlize (>= 0.4.5)#GetoptLong#colorspace#clue#RColorBrewer#GlobalOptions (>= 0.1.0)#png#digest#IRanges#matrixStats#foreach#doParallel#testthat (>= 1.0.0)#knitr#markdown#dendsort#jpeg#tiff#fastcluster#EnrichedHeatmap#dendextend (>= 1.0.1)#grImport#grImport2#glue#GenomicRanges#gridtext#pheatmap (>= 1.0.12)#gridGraphics#gplots#rmarkdown#Cairo#Depends#Depends#Depends#Depends#Depends#Imports#Imports#Imports#Imports#Imports#Imports#Imports#Imports#Imports#Imports#Imports#Imports#Suggests#Suggests#Suggests#Suggests#Suggests#Suggests#Suggests#Suggests#Suggests#Suggests#Suggests#Suggests#Suggests#Suggests#Suggests#Suggests#Suggests#Suggests#Suggests",0.999796573021945,0.957945910069797,0.521887221735831,"High"
"43","reda","0.5.4","/tmp/RtmpDeAHNh/temp_file_329a4956d10f/reda-0.5.4","2024-04-09 16:21:10","u1004798","Linux","#1 SMP Tue Aug 18 14:50:17 EDT 2020","3.10.0-1160.el7.x86_64","x86_64","Initial run March - April 2024 without rev deps",0,0,0.606060606060606,1,0.0504201680672269,1,1,1,1,1,0.625,0.569976227910009,0.55,0,"Rcpp#ggplot2#graphics#grDevices#methods#splines2 (>= 0.4.3)#stats#Rcpp#RcppArmadillo#knitr#rmarkdown#tinytest#Imports#Imports#Imports#Imports#Imports#Imports#Imports#LinkingTo#LinkingTo#Suggests#Suggests#Suggests",0.0293122307513563,0.178145726006279,0.479858142581641,"High"
"44","emmeans","1.10.1.90001","/tmp/RtmpjXvy11/temp_file_55d045561dc4/emmeans","2024-04-11 09:06:18","u1004798","Linux","#1 SMP Tue Aug 18 14:50:17 EDT 2020","3.10.0-1160.el7.x86_64","x86_64","Initial run March - April 2024 without rev deps",1,0,0.953488372093023,1,0.0177999288002848,1,1,1,1,0,1,0.277290787306478,0,0,"estimability (>= 1.4.1)#graphics#methods#numDeriv#stats#utils#mvtnorm#bayesplot#bayestestR#biglm#brms#car#coda (>= 0.17)#ggplot2#lattice#logspline#mediation#mgcv#multcomp#multcompView#nlme#ordinal (>= 2014.11-12)#pbkrtest (>=
0.4-1)#lme4#lmerTest (>= 2.0.32)#MASS#MuMIn#rsm#knitr#rmarkdown#sandwich#scales#splines#testthat#xtable (>=
1.8-2)#Imports#Imports#Imports#Imports#Imports#Imports#Imports#Suggests#Suggests#Suggests#Suggests#Suggests#Suggests#Suggests#Suggests#Suggests#Suggests#Suggests#Suggests#Suggests#Suggests#Suggests#Suggests#Suggests#Suggests#Suggests#Suggests#Suggests#Suggests#Suggests#Suggests#Suggests#Suggests#Suggests#Suggests",0.999664649869534,0.926465902311216,0.432205200646596,"High"
"45","geeasy","0.1.1","/tmp/RtmplBQ58X/temp_file_61154369b6a5/geeasy-0.1.1","2024-04-11 09:17:33","u1004798","Linux","#1 SMP Tue Aug 18 14:50:17 EDT 2020","3.10.0-1160.el7.x86_64","x86_64","Initial run March - April 2024 without rev deps",0,0,1,1,0.106913756236636,1,0,0,0,1,1,0.654216971559148,0.65,0,"geepack#stats#ggplot2#geeM#lme4#methods#Matrix#MESS#testthat#MuMIn#Depends#Depends#Imports#Imports#Imports#Imports#Imports#Imports#Suggests#Suggests",0.0109869426305932,0.149813063441762,0.603178577016247,"High"
"46","MASS","7.3-60.0.1","/tmp/RtmplBQ58X/temp_file_61155aa827de/MASS","2024-04-11 09:20:24","u1004798","Linux","#1 SMP Tue Aug 18 14:50:17 EDT 2020","3.10.0-1160.el7.x86_64","x86_64","Initial run March - April 2024 without rev deps",0,0,1,1,0.0278862242052426,0,0,0,1,0,1,0.280145278239905,0.65,0.3204,"grDevices#graphics#stats#utils#methods#lattice#nlme#nnet#survival#Depends#Depends#Depends#Depends#Imports#Suggests#Suggests#Suggests#Suggests",0.00669285092428486,0.99999999995509,0.581786510548135,"High"
"47","mgcv","1.9-1","/tmp/RtmplBQ58X/temp_file_611542b1d846/mgcv-1.9-1","2024-04-11 09:25:20","u1004798","Linux","#1 SMP Tue Aug 18 14:50:17 EDT 2020","3.10.0-1160.el7.x86_64","x86_64","Initial run March - April 2024 without rev deps",0,0,0.961538461538462,1,0.00601154216094902,0,0,0,0,0,0.983783783783784,0.10429687474532,0.55,5e-04,"nlme (>= 3.1-64)#methods#stats#graphics#Matrix#splines#utils#parallel#survival#MASS#Depends#Imports#Imports#Imports#Imports#Imports#Imports#Suggests#Suggests#Suggests",0.0109869426305932,0.999723288629692,0.737262947082002,"High"
"48","nlme","3.1-164","/tmp/RtmplBQ58X/temp_file_61152cb59a93/nlme","2024-04-11 09:36:23","u1004798","Linux","#1 SMP Tue Aug 18 14:50:17 EDT 2020","3.10.0-1160.el7.x86_64","x86_64","Initial run March - April 2024 without rev deps",1,0,0.859649122807018,1,0.0104224569205114,0,0,0,1,0,0.990825688073395,0.204227848634121,0.55,0.5452,"graphics#stats#utils#lattice#Hmisc#MASS#SASmixed#Imports#Imports#Imports#Imports#Suggests#Suggests#Suggests",0.00247262315663477,0.999542212994247,0.542836309800703,"High"
"49","patchwork","1.2.0","/tmp/RtmplBQ58X/temp_file_6115551792cc/patchwork-1.2.0","2024-04-11 09:48:22","u1004798","Linux","#1 SMP Tue Aug 18 14:50:17 EDT 2020","3.10.0-1160.el7.x86_64","x86_64","Initial run March - April 2024 without rev deps",0,0,0.933333333333333,1,0.0509857239972808,1,1,1,1,1,1,0.554587455172015,0.65,0.5116,"ggplot2 (>= 3.0.0)#gtable#grid#stats#grDevices#utils#graphics#rlang#cli#knitr#rmarkdown#gridGraphics#gridExtra#ragg#testthat (>= 2.1.0)#vdiffr#covr#png#Imports#Imports#Imports#Imports#Imports#Imports#Imports#Imports#Imports#Suggests#Suggests#Suggests#Suggests#Suggests#Suggests#Suggests#Suggests#Suggests",0.377540668798145,0.998233780519408,0.316628321813706,"Medium"
"50","PWEALL","1.3.0.1","/tmp/RtmplBQ58X/temp_file_611572d965d4/PWEALL","2024-04-11 09:51:18","u1004798","Linux","#1 SMP Tue Aug 18 14:50:17 EDT 2020","3.10.0-1160.el7.x86_64","x86_64","Initial run March - April 2024 without rev deps",0,0,0.976744186046512,1,0.0933997509339975,0,0,0,0,0,1,0.408496277612912,0.55,0,"survival#stats#Imports#Imports",0.000203426978055207,0.149813063441762,0.719639012125373,"High"
"51","RBesT","1.7-3","/tmp/RtmplBQ58X/temp_file_61152eee2b98/RBesT-1.7-3","2024-04-11 09:54:10","u1004798","Linux","#1 SMP Tue Aug 18 14:50:17 EDT 2020","3.10.0-1160.el7.x86_64","x86_64","Initial run March - April 2024 without rev deps",0,0,1,1,0.0356040826014716,1,0,1,1,1,1,0.399316846078374,0,0,"methods#Rcpp (>= 0.12.0)#RcppParallel (>= 5.0.1)#rstan (>= 2.26.0)#rstantools (>= 2.3.1)#assertthat#mvtnorm#Formula#checkmate#bayesplot (>= 1.4.0)#ggplot2#dplyr#stats#utils#matrixStats#abind#rlang#BH (>= 1.72.0)#Rcpp (>= 0.12.0)#RcppEigen (>= 0.3.3.3.0)#RcppParallel (>= 5.0.1)#rstan (>= 2.26.0)#StanHeaders (>= 2.26.0)#rmarkdown#knitr#testthat (>= 2.0.0)#foreach#purrr#rstanarm (>= 2.17.2)#scales#tools#broom#tidyr#parallel#brms#glue#ragg#Imports#Imports#Imports#Imports#Imports#Imports#Imports#Imports#Imports#Imports#Imports#Imports#Imports#Imports#Imports#Imports#Imports#LinkingTo#LinkingTo#LinkingTo#LinkingTo#LinkingTo#LinkingTo#Suggests#Suggests#Suggests#Suggests#Suggests#Suggests#Suggests#Suggests#Suggests#Suggests#Suggests#Suggests#Suggests#Suggests",0.999876605424014,0.246376140522644,0.443672583129468,"High"
"52","brms","2.21.0","/tmp/RtmpuUJk2D/temp_file_77dd77504318/brms-2.21.0","2024-04-11 10:25:20","u1004798","Linux","#1 SMP Tue Aug 18 14:50:17 EDT 2020","3.10.0-1160.el7.x86_64","x86_64","Initial run March - April 2024 without rev deps",0,0,0.983783783783784,1,0.00134600371497025,1,1,1,1,1,1,0.0436325865732866,0,0,"Rcpp (>= 0.12.0)#methods#rstan (>= 2.29.0)#ggplot2 (>= 2.0.0)#loo (>= 2.3.1)#posterior (>= 1.0.0)#Matrix (>= 1.1.1)#mgcv (>= 1.8-13)#rstantools (>= 2.1.1)#bayesplot (>= 1.5.0)#bridgesampling (>= 0.3-0)#glue (>= 1.3.0)#rlang (>= 1.0.0)#future (>= 1.19.0)#future.apply (>= 1.0.0)#matrixStats#nleqslv#nlme#coda#abind#stats#utils#parallel#grDevices#backports#testthat (>= 0.9.1)#emmeans (>= 1.4.2)#cmdstanr (>= 0.5.0)#projpred (>= 2.0.0)#shinystan (>= 2.4.0)#splines2 (>= 0.5.0)#RWiener#rtdists#extraDistr#processx#mice#spdep#mnormt#lme4#MCMCglmm#ape#arm#statmod#digest#diffobj#R.rsp#gtable#shiny#knitr#rmarkdown#Depends#Depends#Imports#Imports#Imports#Imports#Imports#Imports#Imports#Imports#Imports#Imports#Imports#Imports#Imports#Imports#Imports#Imports#Imports#Imports#Imports#Imports#Imports#Imports#Imports#Suggests#Suggests#Suggests#Suggests#Suggests#Suggests#Suggests#Suggests#Suggests#Suggests#Suggests#Suggests#Suggests#Suggests#Suggests#Suggests#Suggests#Suggests#Suggests#Suggests#Suggests#Suggests#Suggests#Suggests#Suggests",0.999999814460898,0.76044067555059,0.440320615311481,"High"
"53","rjags","4-15","/tmp/RtmpuUJk2D/temp_file_77dd1831fed5/rjags","2024-04-11 10:28:33","u1004798","Linux","#1 SMP Tue Aug 18 14:50:17 EDT 2020","3.10.0-1160.el7.x86_64","x86_64","Initial run March - April 2024 without rev deps",0,0,0.9375,1,0,0,0,0,1,0,1,0.554587455172015,0.4,0.0235,"coda (>= 0.13)#tcltk#Depends#Suggests",0.000203426978055207,0.960657865916216,0.655888343113241,"High"
"54","tmle","2.0.0","/tmp/RtmpaB6shm/temp_file_1bb42fe43b3c/tmle-2.0.0","2024-04-11 10:31:31","u1004798","Linux","#1 SMP Tue Aug 18 14:50:17 EDT 2020","3.10.0-1160.el7.x86_64","x86_64","Initial run March - April 2024 without rev deps",0,0,1,1,0.0809498111171074,0,0,0,1,0,0,0.777299861174691,0.65,0.0025,"glmnet#SuperLearner (>= 2.0)#dbarts (>= 0.9-18)#gam (>= 1.15)#ROCR (>= 1.0-7)#WeightedROC#Depends#Depends#Suggests#Suggests#Suggests#Suggests",0.00150118225673699,0.246376140522644,0.642709564389951,"High"
"55","broom","1.0.5","/tmp/RtmpOY3y19/temp_file_47976e794b0a/broom-1.0.5","2024-04-11 10:57:42","u1004798","Linux","#1 SMP Tue Aug 18 14:50:17 EDT 2020","3.10.0-1160.el7.x86_64","x86_64","Initial run March - April 2024 without rev deps",0,0,0.995762711864407,1,0.0224450097261709,1,1,1,1,1,1,0.622459331201855,0.55,0.0077,"backports#dplyr (>= 1.0.0)#ellipsis#generics (>= 0.0.2)#glue#lifecycle#purrr#rlang#stringr#tibble (>= 3.0.0)#tidyr (>= 1.0.0)#AER#AUC#bbmle#betareg#biglm#binGroup#boot#btergm (>= 1.10.6)#car#carData#caret#cluster#cmprsk#coda#covr#drc#e1071#emmeans#epiR#ergm (>= 3.10.4)#fixest (>= 0.9.0)#gam (>= 1.15)#gee#geepack#ggplot2#glmnet#glmnetUtils#gmm#Hmisc#irlba#interp#joineRML#Kendall#knitr#ks#Lahman#lavaan#leaps#lfe#lm.beta#lme4#lmodel2#lmtest (>= 0.9.38)#lsmeans#maps#margins#MASS#mclust#mediation#metafor#mfx#mgcv#mlogit#modeldata#modeltests#muhaz#multcomp#network#nnet#orcutt (>= 2.2)#ordinal#plm#poLCA#psych#quantreg#rmarkdown#robust#robustbase#rsample#sandwich#sp#spdep (>= 1.1)#spatialreg#speedglm#spelling#survey#survival#systemfit#testthat (>= 2.1.0)#tseries#vars#zoo#Imports#Imports#Imports#Imports#Imports#Imports#Imports#Imports#Imports#Imports#Imports#Suggests#Suggests#Suggests#Suggests#Suggests#Suggests#Suggests#Suggests#Suggests#Suggests#Suggests#Suggests#Suggests#Suggests#Suggests#Suggests#Suggests#Suggests#Suggests#Suggests#Suggests#Suggests#Suggests#Suggests#Suggests#Suggests#Suggests#Suggests#Suggests#Suggests#Suggests#Suggests#Suggests#Suggests#Suggests#Suggests#Suggests#Suggests#Suggests#Suggests#Suggests#Suggests#Suggests#Suggests#Suggests#Suggests#Suggests#Suggests#Suggests#Suggests#Suggests#Suggests#Suggests#Suggests#Suggests#Suggests#Suggests#Suggests#Suggests#Suggests#Suggests#Suggests#Suggests#Suggests#Suggests#Suggests#Suggests#Suggests#Suggests#Suggests#Suggests#Suggests#Suggests#Suggests#Suggests#Suggests#Suggests#Suggests#Suggests#Suggests#Suggests#Suggests",1,0.99719227593677,0.323783666036265,"Medium"
"56","ggsurvfit","1.0.0","/tmp/RtmpOY3y19/temp_file_47976d2e8970/ggsurvfit-1.0.0","2024-04-11 11:03:21","u1004798","Linux","#1 SMP Tue Aug 18 14:50:17 EDT 2020","3.10.0-1160.el7.x86_64","x86_64","Initial run March - April 2024 without rev deps",0,0,0.962962962962963,1,0.0837053571428571,1,1,1,1,1,0.933333333333333,0.470208730628278,0,0,"broom (>= 1.0.0)#cli (>= 3.0.0)#dplyr (>= 1.0.3)#ggplot2 (>= 3.4.0)#glue (>= 1.6.0)#gtable#patchwork (>= 1.1.0)#rlang (>= 1.0.0)#survival (>= 3.4-0)#tidyr (>= 1.0.0)#covr#knitr#rmarkdown#scales (>= 1.1.0)#spelling#testthat (>= 3.2.0)#tidycmprsk (>= 1.0.0)#vdiffr (>= 1.0.0)#withr#Imports#Imports#Imports#Imports#Imports#Imports#Imports#Imports#Imports#Imports#Suggests#Suggests#Suggests#Suggests#Suggests#Suggests#Suggests#Suggests#Suggests",0.5,0.20261296809401,0.47685275926751,"High"
"57","survival","3.5-8","/tmp/Rtmp58iFqN/temp_file_747066ccf33d/survival","2024-04-16 13:10:22","u1004798","Linux","#1 SMP Tue Aug 18 14:50:17 EDT 2020","3.10.0-1160.el7.x86_64","x86_64","Initial run March - April 2024 without rev deps",0,0,0.962121212121212,1,0.00777725929382486,0,1,1,1,0,1,0.280145278239905,0.3,0.6656,"graphics#Matrix#methods#splines#stats#utils#Imports#Imports#Imports#Imports#Imports#Imports",0.00150118225673699,0.999998718416241,0.490850842261592,"High"
"58","flextable","0.8.1","/tmp/Rtmp7B7BNd/temp_file_6d12b38c237/flextable","2024-04-17 10:05:13","u1004798","Linux","#1 SMP Tue Aug 18 14:50:17 EDT 2020","3.10.0-1160.el7.x86_64","x86_64","Initial run March - April 2024 without rev deps",1,0,1,1,0.0153201920130732,1,0,1,1,1,1,0.152053447113822,0,0.4666,"stats#utils#grDevices#graphics#officer (>= 0.4.4)#rmarkdown#knitr#htmltools#xml2#data.table (>= 1.13.0)#uuid
(>= 0.1-4)#gdtools (>= 0.1.6)#rlang#base64enc#grid#testthat (>= 2.1.0)#magick#equatags#commonmark#ggplot2#scales#webshot#doconv (>= 0.1.4)#locatexec#xtable#broom#broom.mixed#mgcv#cluster#lme4#nlme#bookdown#pdftools#officedown#Imports#Imports#Imports#Imports#Imports#Imports#Imports#Imports#Imports#Imports#Imports#Imports#Imports#Imports#Imports#Suggests#Suggests#Suggests#Suggests#Suggests#Suggests#Suggests#Suggests#Suggests#Suggests#Suggests#Suggests#Suggests#Suggests#Suggests#Suggests#Suggests#Suggests#Suggests",0.999447221363076,0.916883811605586,0.352008959460878,"High"
"59","forcats","1.0.0","/tmp/Rtmp7B7BNd/temp_file_6d12365a21ca/forcats-1.0.0","2024-04-17 10:10:00","u1004798","Linux","#1 SMP Tue Aug 18 14:50:17 EDT 2020","3.10.0-1160.el7.x86_64","x86_64","Initial run March - April 2024 without rev deps",0,0,1,1,0.0951173113506658,1,1,1,1,1,0.974358974358974,0.422809779525781,0,0,"cli (>= 3.4.0)#glue#lifecycle#magrittr#rlang (>= 1.0.0)#tibble#covr#dplyr#ggplot2#knitr#readr#rmarkdown#testthat (>= 3.0.0)#withr#Imports#Imports#Imports#Imports#Imports#Imports#Suggests#Suggests#Suggests#Suggests#Suggests#Suggests#Suggests#Suggests",0.0758581800212435,0.998492895264396,0.519056709019848,"High"
"60","huxtable","5.5.6","/tmp/Rtmp7B7BNd/temp_file_6d1239d07c05/huxtable-5.5.6-rc1","2024-04-17 10:11:46","u1004798","Linux","#1 SMP Tue Aug 18 14:50:17 EDT 2020","3.10.0-1160.el7.x86_64","x86_64","Initial run March - April 2024 without rev deps",0,0,0.957446808510638,1,0.0283983339644074,1,0,1,1,1,1,0.0433331699594548,0.4,0.8342,"assertthat#commonmark#fansi#generics#glue#htmltools#memoise#R6#rlang#stats#stringi#stringr (>= 1.2.0)#tidyselect#utils#xml2#AER#bookdown#broom (>= 0.5.1)#broom.mixed#covr#crayon#devtools#dplyr (>= 0.7.0)#flextable (>= 0.6.9)#ftExtra (>= 0.0.2)#ggplot2#httr#knitr#lme4#lmtest#nlme#nnet#officer#openxlsx#psych#quarto#rmarkdown#sandwich#scales#testthat#tibble#tinytex#Imports#Imports#Imports#Imports#Imports#Imports#Imports#Imports#Imports#Imports#Imports#Imports#Imports#Imports#Imports#Suggests#Suggests#Suggests#Suggests#Suggests#Suggests#Suggests#Suggests#Suggests#Suggests#Suggests#Suggests#Suggests#Suggests#Suggests#Suggests#Suggests#Suggests#Suggests#Suggests#Suggests#Suggests#Suggests#Suggests#Suggests#Suggests#Suggests",0.999989870009019,0.513801460682437,0.290787105549777,"Medium"
"61","survminer","0.4.9","/tmp/Rtmp7B7BNd/temp_file_6d126ed4d6e8/survminer-0.4.9","2024-04-17 10:31:12","u1004798","Linux","#1 SMP Tue Aug 18 14:50:17 EDT 2020","3.10.0-1160.el7.x86_64","x86_64","Initial run March - April 2024 without rev deps",0,0,0.966666666666667,1,0.0506243671954101,1,0,1,1,1,0.96875,0.459038615443055,0.3,0.0959,"ggplot2#ggpubr(>= 0.1.6)#grid#gridExtra (>= 2.0)#magrittr#maxstat#methods#scales#survival#stats#broom#dplyr#tidyr#survMisc#purrr#tibble#rlang#ggtext (>= 0.1.0)#knitr#flexsurv#cmprsk#markdown#testthat#rmarkdown#Depends#Depends#Imports#Imports#Imports#Imports#Imports#Imports#Imports#Imports#Imports#Imports#Imports#Imports#Imports#Imports#Imports#Imports#Suggests#Suggests#Suggests#Suggests#Suggests#Suggests",0.924141819978757,0.845656937076995,0.392051575659411,"High"
"62","ggpmisc","0.5.2","/tmp/Rtmp4rju77/temp_file_5c0d2914c7e8/ggpmisc-0.5.2","2024-04-17 11:08:20","u1004798","Linux","#1 SMP Tue Aug 18 14:50:17 EDT 2020","3.10.0-1160.el7.x86_64","x86_64","Initial run March - April 2024 without rev deps",0,0,0.947368421052632,1,0.0308198068625437,1,1,1,1,1,1,0.345821250061184,0.2,0.1584,"ggpp (>= 0.4.5)#grid#stats#ggplot2 (>= 3.4.0)#scales (>= 1.2.0)#rlang (>= 1.0.0)#generics (>= 0.1.2)#MASS (>= 7.3-51.6)#confintr (>= 0.1.2)#polynom (>= 1.4-0)#quantreg (>= 5.93)#lmodel2 (>= 1.7-3)#splus2R (>= 1.3-3)#tibble (>= 3.1.5)#plyr (>= 1.8.6)#dplyr (>= 1.0.6)#lubridate (>= 1.7.10)#knitr (>= 1.39)#rmarkdown (>= 2.14)#ggrepel (>= 0.9.1)#broom (>= 0.8.0)#broom.mixed (>= 0.2.9.4)#nlme (>= 3.1-152)#gginnards (>= 0.1.0-1)#Depends#Imports#Imports#Imports#Imports#Imports#Imports#Imports#Imports#Imports#Imports#Imports#Imports#Imports#Imports#Imports#Imports#Suggests#Suggests#Suggests#Suggests#Suggests#Suggests#Suggests",0.924141819978757,0.513801460682437,0.384648066710715,"High"
"63","mmrm","0.3.11","/tmp/RtmpFep1S0/temp_file_732841665e7d/mmrm-0.3.11","2024-04-17 16:20:06","u1004798","Linux","#1 SMP Tue Aug 18 14:50:17 EDT 2020","3.10.0-1160.el7.x86_64","x86_64","Initial run March - April 2024 without rev deps",0,0,0.990384615384615,1,0.0558659217877095,1,0,1,1,1,1,0.554587455172015,0,0,"checkmate (>= 2.0)#generics#lifecycle#Matrix#methods#nlme#parallel#Rcpp#Rdpack#stats#stringr#tibble#TMB (>= 1.9.1)#utils#car (>= 3.1.2)#cli#clubSandwich#clusterGeneration#dplyr#emmeans (>= 1.6)#estimability#ggplot2#glmmTMB#hardhat#knitr#lme4#MASS#microbenchmark#mockery#parallelly (>= 1.32.0)#parsnip (>= 1.1.0)#purrr#rmarkdown#sasr#scales#testthat (>= 3.0.0)#tidymodels#xml2#Rcpp#RcppEigen#testthat#TMB (>= 1.9.1)#Imports#Imports#Imports#Imports#Imports#Imports#Imports#Imports#Imports#Imports#Imports#Imports#Imports#Imports#Suggests#Suggests#Suggests#Suggests#Suggests#Suggests#Suggests#Suggests#Suggests#Suggests#Suggests#Suggests#Suggests#Suggests#Suggests#Suggests#Suggests#Suggests#Suggests#Suggests#Suggests#Suggests#Suggests#Suggests#LinkingTo#LinkingTo#LinkingTo#LinkingTo",0.999989870009019,0.266720996610687,0.436937751279505,"High"
"64","rpact","3.5.1","/tmp/RtmpH76f74/temp_file_70a96a7db190/rpact-3.5.1","2024-04-18 09:52:05","u1004798","Linux","#1 SMP Tue Aug 18 14:50:17 EDT 2020","3.10.0-1160.el7.x86_64","x86_64","Initial run March - April 2024 without rev deps",0,0,0.425675675675676,1,0.00261328594574818,1,1,1,1,1,0.977777777777778,0.250638869768241,0,0,"methods#stats#utils#graphics#tools#rlang#knitr (>= 1.19)#Rcpp (>= 1.0.3)#Rcpp#ggplot2 (>= 2.2.0)#testthat (>= 3.0.0)#rmarkdown (>= 1.10)#Imports#Imports#Imports#Imports#Imports#Imports#Imports#Imports#LinkingTo#Suggests#Suggests#Suggests",0.0293122307513563,0.178145726006279,0.584702715624881,"High"
"65","farver","2.1.1","/tmp/RtmpToMhtw/temp_file_7cd42251c047/farver-2.1.1","2024-04-18 10:09:22","u1004798","Linux","#1 SMP Tue Aug 18 14:50:17 EDT 2020","3.10.0-1160.el7.x86_64","x86_64","Initial run March - April 2024 without rev deps",0,0,1,1,0.235478806907378,1,1,0,1,1,1,0.586280996051124,0.65,0.4961,"covr#testthat (>= 3.0.0)#Suggests#Suggests",0.000203426978055207,0.425661062365784,0.430190607724575,"High"
"66","marginaleffects","0.16.0","/tmp/RtmpToMhtw/temp_file_7cd45fe94891/marginaleffects-0.16.0","2024-04-18 10:12:01","u1004798","Linux","#1 SMP Tue Aug 18 14:50:17 EDT 2020","3.10.0-1160.el7.x86_64","x86_64","Initial run March - April 2024 without rev deps",0,0,0.970588235294118,1,0.0182060929724481,1,0,0,1,1,1,0.442993960557413,0.2,0,"checkmate#data.table#generics#insight (>= 0.19.1)#methods#rlang#Rcpp (>= 1.0.0)#Rcpp#RcppEigen#AER#Amelia#afex#aod#bench#betareg#BH#bife#biglm#blme#boot#brglm2#brms#brmsmargins#broom#car#carData#causaldata#collapse#conflicted#covr#crch#DALEXtra#DCchoice#distributional#dplyr#emmeans#equivalence#estimatr#fixest#fmeffects#fontquiver#future#fwb#gam#gamlss#gamlss.dist#geepack#ggdag#ggdist#ggokabeito#ggplot2#ggrepel#glmmTMB#glmx#haven#here#itsadug#ivreg#kableExtra#knitr#lme4#lmerTest#logistf#magrittr#margins#MatchIt#MASS#mclogit#MCMCglmm#missRanger#mgcv#mhurdle#mice#miceadds#mlogit#mlr3verse#modelbased#modelsummary#nlme#nnet#numDeriv#optmatch#ordinal#parameters#parsnip#patchwork#pkgdown#phylolm#plm#polspline#poorman#posterior#prediction#pscl#purrr#quantreg#Rchoice#remotes#rmarkdown#rms#robust#robustbase#robustlmm#rsample#rstanarm#rstantools#rsvg#sampleSelection#sandwich#scam#spelling#speedglm#survey#survival#svglite#systemfonts#tibble#tidymodels#tidyr#tidyverse#tinysnapshot#tinytest#titanic#truncreg#tsModel#withr#workflows#yaml#xgboost#testthat (>= 3.0.0)#Imports#Imports#Imports#Imports#Imports#Imports#Imports#LinkingTo#LinkingTo#Suggests#Suggests#Suggests#Suggests#Suggests#Suggests#Suggests#Suggests#Suggests#Suggests#Suggests#Suggests#Suggests#Suggests#Suggests#Suggests#Suggests#Suggests#Suggests#Suggests#Suggests#Suggests#Suggests#Suggests#Suggests#Suggests#Suggests#Suggests#Suggests#Suggests#Suggests#Suggests#Suggests#Suggests#Suggests#Suggests#Suggests#Suggests#Suggests#Suggests#Suggests#Suggests#Suggests#Suggests#Suggests#Suggests#Suggests#Suggests#Suggests#Suggests#Suggests#Suggests#Suggests#Suggests#Suggests#Suggests#Suggests#Suggests#Suggests#Suggests#Suggests#Suggests#Suggests#Suggests#Suggests#Suggests#Suggests#Suggests#Suggests#Suggests#Suggests#Suggests#Suggests#Suggests#Suggests#Suggests#Suggests#Suggests#Suggests#Suggests#Suggests#Suggests#Suggests#Suggests#Suggests#Suggests#Suggests#Suggests#Suggests#Suggests#Suggests#Suggests#Suggests#Suggests#Suggests#Suggests#Suggests#Suggests#Suggests#Suggests#Suggests#Suggests#Suggests#Suggests#Suggests#Suggests#Suggests#Suggests#Suggests#Suggests#Suggests#Suggests#Suggests#Suggests#Suggests#Suggests#Suggests#Suggests#Suggests#Suggests#Suggests",1,0.44125556218462,0.498822515091695,"High"
"67","rms","6.7-1","/tmp/RtmpWo0pSi/temp_file_1d462871b43f/rms","2024-04-18 10:24:18","u1004798","Linux","#1 SMP Tue Aug 18 14:50:17 EDT 2020","3.10.0-1160.el7.x86_64","x86_64","Initial run March - April 2024 without rev deps",0,0,0.987951807228916,1,0.00768481991905323,0,1,0,1,0,0.990654205607477,0.208165312212258,0,0,"Hmisc (>= 5.1-0)#methods#survival#quantreg#ggplot2#SparseM#rpart#nlme (>=
3.1-123)#polspline#multcomp#htmlTable (>= 1.11.0)#htmltools#MASS#cluster#digest#colorspace#knitr#grDevices#boot#tcltk#plotly (>= 4.5.6)#mice#rmsb#nnet#VGAM#lattice#kableExtra#Depends#Imports#Imports#Imports#Imports#Imports#Imports#Imports#Imports#Imports#Imports#Imports#Imports#Imports#Imports#Imports#Imports#Imports#Suggests#Suggests#Suggests#Suggests#Suggests#Suggests#Suggests#Suggests#Suggests",0.982013790037908,0.939281637786865,0.60699172355736,"High"
"68","arm","1.13-1","/tmp/RtmpKyraR0/temp_file_2b774393b18c/arm","2024-04-18 10:32:42","u1004798","Linux","#1 SMP Tue Aug 18 14:50:17 EDT 2020","3.10.0-1160.el7.x86_64","x86_64","Initial run March - April 2024 without rev deps",1,0,1,1,0.0461254612546126,0,0,0,1,0,0.955555555555556,0.437823499114202,0.75,0.0022,"MASS#Matrix (>= 1.0)#stats#lme4 (>= 1.0)#abind#coda#graphics#grDevices#methods#nlme#utils#Depends#Depends#Depends#Depends#Imports#Imports#Imports#Imports#Imports#Imports#Imports",0.0179862099620916,0.773474229572688,0.556835697168619,"High"
"69","ashr","2.2-63","/tmp/RtmpKyraR0/temp_file_2b7750073c19/ashr-2.2-63","2024-04-18 10:35:54","u1004798","Linux","#1 SMP Tue Aug 18 14:50:17 EDT 2020","3.10.0-1160.el7.x86_64","x86_64","Initial run March - April 2024 without rev deps",0,0,1,1,0.0731707317073171,1,1,1,1,0,1,0.263548029365321,0.55,0.6099,"Matrix#stats#graphics#Rcpp (>= 0.10.5)#truncnorm#mixsqp#SQUAREM#etrunct#invgamma#testthat#knitr#rmarkdown#ggplot2#REBayes#Rcpp#Imports#Imports#Imports#Imports#Imports#Imports#Imports#Imports#Imports#Suggests#Suggests#Suggests#Suggests#Suggests#LinkingTo",0.119202922022118,0.393340425886747,0.396691351994498,"High"
"70","brglm2","0.9.1","/tmp/RtmpKyraR0/temp_file_2b7767245aad/brglm2-0.9.1","2024-04-18 10:40:10","u1004798","Linux","#1 SMP Tue Aug 18 14:50:17 EDT 2020","3.10.0-1160.el7.x86_64","x86_64","Initial run March - April 2024 without rev deps",0,0,1,1,0.0598802395209581,1,1,1,1,1,1,0.594831368414695,0.45,0.002,"MASS#stats#Matrix#graphics#nnet#enrichwith#numDeriv#detectseparation#knitr#rmarkdown#covr#tinytest#VGAM#brglm#mbrglm#Imports#Imports#Imports#Imports#Imports#Imports#Imports#Suggests#Suggests#Suggests#Suggests#Suggests#Suggests#Suggests#Suggests",0.119202922022118,0.376597084407624,0.434571229548776,"High"
"71","xCell","1.1.0","/tmp/RtmpeLirKl/temp_file_31557c1c4b20/xCell-1.3","2024-04-18 10:58:53","u1004798","Linux","#1 SMP Tue Aug 18 14:50:17 EDT 2020","3.10.0-1160.el7.x86_64","x86_64","Initial run March - April 2024 without rev deps",0,0,1,1,0.445103857566766,0,0,1,1,0,0,0.777299861174691,0,0,"GSVA#GSEABase#pracma#utils#stats#MASS#digest#curl#quadprog#knitr#rmarkdown#testthat#Imports#Imports#Imports#Imports#Imports#Imports#Imports#Imports#Imports#Suggests#Suggests#Suggests",0.0293122307513563,0.0965580062468228,0.643196374381942,"High"
"72","BOIN","2.7.2","/tmp/RtmpMLqbtU/temp_file_4ff77201db76/BOIN","2024-04-18 11:30:17","u1004798","Linux","#1 SMP Tue Aug 18 14:50:17 EDT 2020","3.10.0-1160.el7.x86_64","x86_64","Initial run March - April 2024 without rev deps",0,0,1,1,0.0581170089112747,0,0,0,0,0,1,0.643035173277501,0.75,0,"Iso#Imports",0.000123394575986232,0.178145726006279,0.676818895972957,"High"
"73","clubSandwich","0.5.10","/tmp/RtmpMLqbtU/temp_file_4ff7cd89303/clubSandwich-0.5.10","2024-04-18 11:31:46","u1004798","Linux","#1 SMP Tue Aug 18 14:50:17 EDT 2020","3.10.0-1160.el7.x86_64","x86_64","Initial run March - April 2024 without rev deps",0,0,1,1,0.0611745513866232,1,0,1,1,1,1,0.6036851467291,0.45,0.6994,"stats#sandwich#Formula#knitr#carData#geepack#metafor#metadat#robumeta#nlme#mlmRev#AER#plm (>= 1.6-4)#Matrix#lme4#zoo#testthat#rmarkdown#covr#ivreg#Imports#Imports#Suggests#Suggests#Suggests#Suggests#Suggests#Suggests#Suggests#Suggests#Suggests#Suggests#Suggests#Suggests#Suggests#Suggests#Suggests#Suggests#Suggests#Suggests",0.622459331201855,0.44125556218462,0.311539439736759,"Medium"
"74","psborrow2","0.0.3.2","/tmp/Rtmp7Jwyrx/temp_file_595896bb1a2/psborrow2-0.0.3.2","2024-04-18 13:23:04","u1004798","Linux","#1 SMP Tue Aug 18 14:50:17 EDT 2020","3.10.0-1160.el7.x86_64","x86_64","Initial run March - April 2024 without rev deps",0,0,0.659259259259259,1,0.0397983550013266,1,1,1,1,0,1,0.274472360282968,0,0,"checkmate#glue#methods#graphics#posterior#generics#Matrix#mvtnorm#future#simsurv#cmdstanr#survival#flexsurv#testthat (>= 3.0)#usethis (>= 2.1.5)#vdiffr#tibble#xml2#knitr#rmarkdown#bayesplot#matrixcalc#WeightIt#MatchIt#BayesPPD#ggsurvfit#gbm#ggplot2#cobalt#table1#gt#gtsummary#Imports#Imports#Imports#Imports#Imports#Imports#Imports#Imports#Imports#Imports#Suggests#Suggests#Suggests#Suggests#Suggests#Suggests#Suggests#Suggests#Suggests#Suggests#Suggests#Suggests#Suggests#Suggests#Suggests#Suggests#Suggests#Suggests#Suggests#Suggests#Suggests#Suggests",0.998498817743263,0.0965580062468228,0.499826396638238,"High"
"75","reshape2","1.4.4","/tmp/Rtmp7Jwyrx/temp_file_59586c997b33/reshape-1.4.4","2024-04-18 13:25:57","u1004798","Linux","#1 SMP Tue Aug 18 14:50:17 EDT 2020","3.10.0-1160.el7.x86_64","x86_64","Initial run March - April 2024 without rev deps",0,0,1,1,0.320512820512821,1,1,0,1,1,1,0.654216971559148,0.65,0.7958,"plyr (>= 1.8.1)#Rcpp#stringr#covr#lattice#testthat (>= 0.8.0)#Rcpp#Imports#Imports#Imports#Suggests#Suggests#Suggests#LinkingTo",0.00247262315663477,0.979096110195182,0.384696286023073,"High"
"76","censReg","0.5-36","/tmp/RtmpixkHiL/temp_file_446029bb7f5c/censReg","2024-04-18 14:00:57","u1004798","Linux","#1 SMP Tue Aug 18 14:50:17 EDT 2020","3.10.0-1160.el7.x86_64","x86_64","Initial run March - April 2024 without rev deps",1,0,1,1,0.197628458498024,0,0,1,1,0,1,0.731058578630005,0.3,0.8758,"maxLik (>= 0.7-3)#glmmML (>= 0.81-6)#sandwich (>= 2.2-6)#miscTools (>=
0.6-11)#stats (>= 2.15.0)#plm#AER#lmtest (>= 0.9-27)#Depends#Imports#Imports#Imports#Imports#Imports#Suggests#Suggests",0.00407013771589613,0.246376140522644,0.411128499723967,"High"
"77","escalation","0.1.8","/tmp/RtmpixkHiL/temp_file_44604246f40/escalation","2024-04-18 14:13:27","u1004798","Linux","#1 SMP Tue Aug 18 14:50:17 EDT 2020","3.10.0-1160.el7.x86_64","x86_64","Initial run March - April 2024 without rev deps",0,0,0.978947368421053,1,0.0243942104407221,1,0,1,0,0,1,0.236161600595949,0.4,0.7857,"magrittr#dplyr#tidyr (>= 1.0)#tidyselect#stringr#purrr#tibble#ggplot2#gtools#dfcrm#BOIN#trialr (>= 0.1.5)#DiagrammeR#RColorBrewer#viridis#binom#R6#mvtnorm#testthat#knitr#rmarkdown#covr#Depends#Imports#Imports#Imports#Imports#Imports#Imports#Imports#Imports#Imports#Imports#Imports#Imports#Imports#Imports#Imports#Imports#Imports#Suggests#Suggests#Suggests#Suggests",0.817574476193644,0.0965580062468228,0.435721000500521,"High"
"78","geepack","1.3.9","/tmp/RtmpixkHiL/temp_file_446060a5bc5/geepack-1.3.9","2024-04-18 14:25:17","u1004798","Linux","#1 SMP Tue Aug 18 14:50:17 EDT 2020","3.10.0-1160.el7.x86_64","x86_64","Initial run March - April 2024 without rev deps",0,0,1,1,0.120192307692308,1,0,1,0,1,0.916666666666667,0.594831368414695,0.4,0.0013,"methods#MASS#broom#magrittr#Depends#Imports#Imports#Imports",0.0005527786369236,0.857546637105688,0.564001191855227,"High"
"79","ggfortify","0.4.15","/tmp/RtmpiD0Bpg/temp_file_2fb664a5fa9b/ggfortify-0.4.15","2024-04-18 16:00:38","u1004798","Linux","#1 SMP Tue Aug 18 14:50:17 EDT 2020","3.10.0-1160.el7.x86_64","x86_64","Initial run March - April 2024 without rev deps",0,0,1,1,0.0536288880943868,1,1,1,1,1,1,0.63248519712831,0,0.5597,"methods#ggplot2 (>= 2.0.0)#dplyr (>= 0.3)#tidyr#gridExtra#grid#scales#stringr#tibble#testthat#cluster#changepoint#fGarch#forecast#ggrepel#glmnet#grDevices#KFAS#knitr#lintr#mapdata#markdown#MASS#MSwM#nlme#raster#ROCR#sp#stats#strucchange#survival#timeSeries#tseries#utils#vars#xts#zoo#lfda#Depends#Depends#Imports#Imports#Imports#Imports#Imports#Imports#Imports#Suggests#Suggests#Suggests#Suggests#Suggests#Suggests#Suggests#Suggests#Suggests#Suggests#Suggests#Suggests#Suggests#Suggests#Suggests#Suggests#Suggests#Suggests#Suggests#Suggests#Suggests#Suggests#Suggests#Suggests#Suggests#Suggests#Suggests#Suggests#Suggests",0.999925153772489,0.673041098098242,0.339138624961122,"Medium"
"80","quantreg","5.97","/tmp/RtmpvhuBci/temp_file_71f820576aa0/quantreg","2024-04-18 16:34:02","u1004798","Linux","#1 SMP Tue Aug 18 14:50:17 EDT 2020","3.10.0-1160.el7.x86_64","x86_64","Initial run March - April 2024 without rev deps",0,0,0.974683544303797,1,0.0258620689655172,0,0,0,1,0,0.935483870967742,0.134414842979703,0.65,0.5175,"stats#SparseM#methods#graphics#Matrix#MatrixModels#survival#MASS#interp#rgl#logspline#nor1mix#Formula#zoo#R.rsp#conquer#Depends#Depends#Imports#Imports#Imports#Imports#Imports#Imports#Suggests#Suggests#Suggests#Suggests#Suggests#Suggests#Suggests#Suggests",0.182425523806356,0.987608924523571,0.548765949202733,"High"
"81","cubature","2.0.3","/tmp/RtmpFhJcto/temp_file_41a224c88453/cubature-2.0.3","2024-04-19 10:03:30","u1004798","Linux","#1 SMP Tue Aug 18 14:50:17 EDT 2020","3.10.0-1160.el7.x86_64","x86_64","Initial run March - April 2024 without rev deps",0,0,1,1,0.238095238095238,1,0,1,1,1,1,0.622459331201855,0,0,"Rcpp#Rcpp#testthat#knitr#mvtnorm#benchr#LinkingTo#Imports#Suggests#Suggests#Suggests#Suggests",0.00150118225673699,0.900968224890814,0.532717955916605,"High"
"82","DEoptim","2.2-7","/tmp/RtmpFhJcto/temp_file_41a23aaaa094/DEoptim-2.2-7","2024-04-19 10:05:14","u1004798","Linux","#1 SMP Tue Aug 18 14:50:17 EDT 2020","3.10.0-1160.el7.x86_64","x86_64","Initial run March - April 2024 without rev deps",0,0,1,1,0.303643724696356,0,1,0,1,0,1,0.710218732760062,0.65,0.5581,"foreach#iterators#colorspace#lattice#parallel#parallelly#methods#Suggests#Suggests#Suggests#Suggests#Depends#Imports#Imports",0.00247262315663477,0.731903634874432,0.499705633748473,"High"
"83","ggalluvial","0.12.2","/tmp/RtmpFhJcto/temp_file_41a21da69feb/ggalluvial-0.12.2","2024-04-19 10:06:39","u1004798","Linux","#1 SMP Tue Aug 18 14:50:17 EDT 2020","3.10.0-1160.el7.x86_64","x86_64","Initial run March - April 2024 without rev deps",0,0,0.857142857142857,1,0.084411930219471,1,0,1,1,1,1,0.44825147377711,0,0,"ggplot2 (>= 2.2)#stats#dplyr (>= 0.7)#tidyr (>= 0.7)#lazyeval#rlang#tidyselect#grid#alluvial#testthat#knitr#rmarkdown#babynames#sessioninfo#ggrepel#ggfittext (>= 0.6)#vdiffr (>= 0.2)#Depends#Imports#Imports#Imports#Imports#Imports#Imports#Suggests#Suggests#Suggests#Suggests#Suggests#Suggests#Suggests#Suggests#Suggests#Suggests",0.268941421369995,0.471344526881543,0.530352573259902,"High"
"84","gtable","0.3.4","/tmp/RtmpSHQ6DK/temp_file_61811bf08613/gtable-0.3.4","2024-04-19 10:13:32","u1004798","Linux","#1 SMP Tue Aug 18 14:50:17 EDT 2020","3.10.0-1160.el7.x86_64","x86_64","Initial run March - April 2024 without rev deps",0,0,1,1,0.103376981392143,1,1,1,1,1,1,0.547194050686571,0.75,0.5826,"cli#glue#grid#lifecycle#rlang (>= 1.1.0)#covr#ggplot2#knitr#profvis#rmarkdown#testthat (>= 3.0.0)#Imports#Imports#Imports#Imports#Imports#Suggests#Suggests#Suggests#Suggests#Suggests#Suggests",0.0179862099620916,0.955016576583672,0.322329610452304,"Medium"
"85","R2jags","0.7-1","/tmp/Rtmp0ebjMp/temp_file_7c0f2ba40180/R2jags-0.7-1","2024-04-19 10:34:09","u1004798","Linux","#1 SMP Tue Aug 18 14:50:17 EDT 2020","3.10.0-1160.el7.x86_64","x86_64","Initial run March - April 2024 without rev deps",0,0,1,1,0.133214920071048,0,0,0,0,0,1,0.63248519712831,0.75,0.3489,"rjags (>= 3-3)#abind#coda (>= 0.13)#graphics#grDevices#methods#R2WinBUGS#parallel#stats#utils#testthat (>= 3.0.0)#Depends#Imports#Imports#Imports#Imports#Imports#Imports#Imports#Imports#Imports#Suggests",0.0179862099620916,0.76044067555059,0.62710255302776,"High"
"86","simsurv","1.0.0","/tmp/Rtmp0ebjMp/temp_file_7c0f6bdb753a/simsurv-1.0.0","2024-04-19 10:35:32","u1004798","Linux","#1 SMP Tue Aug 18 14:50:17 EDT 2020","3.10.0-1160.el7.x86_64","x86_64","Initial run March - April 2024 without rev deps",0,0,1,1,0.174418604651163,1,0,1,0,1,1,0.731058578630005,0,0,"methods#stats#BB (>= 2014.10.1)#eha (>= 2.4.5)#flexsurv (>= 1.1.0)#knitr (>= 1.15.1)#MASS#rmarkdown#rstpm2 (>= 1.4.1)#survival (>= 2.40.1)#testthat (>= 1.0.2)#Imports#Imports#Suggests#Suggests#Suggests#Suggests#Suggests#Suggests#Suggests#Suggests#Suggests",0.0179862099620916,0.266720996610687,0.615034722228542,"High"
"87","ggbreak","0.1.1","/tmp/RtmpEpSrk0/temp_file_1fb1d99adca/ggbreak-0.1.1","2024-04-19 10:45:41","u1004798","Linux","#1 SMP Tue Aug 18 14:50:17 EDT 2020","3.10.0-1160.el7.x86_64","x86_64","Initial run March - April 2024 without rev deps",0,0,1,1,0.141110065851364,1,1,1,1,1,1,0.666185565559974,0.5,0.018,"ggfun (>= 0.0.4)#grid#ggplot2#ggplotify (>= 0.0.7)#aplot
(>= 0.1.5)#rlang#stats#cowplot#ggimage#knitr#patchwork#pillar#prettydoc#rmarkdown#Imports#Imports#Imports#Imports#Imports#Imports#Imports#Suggests#Suggests#Suggests#Suggests#Suggests#Suggests#Suggests",0.0758581800212435,0.149813063441762,0.422540168539164,"High"
"88","numDeriv","2016.8-1.1","/tmp/RtmpEpSrk0/temp_file_1fb1631c89e3/numDeriv-2016.8-1.1","2024-04-19 10:47:52","u1004798","Linux","#1 SMP Tue Aug 18 14:50:17 EDT 2020","3.10.0-1160.el7.x86_64","x86_64","Initial run March - April 2024 without rev deps",0,0,0.8,1,0.364963503649635,0,0,1,1,0,1,0.679178699175393,0.5,0.8969,"",7.48462275106112e-05,0.999466939359441,0.431826695983062,"High"
"89","PBIR","0.1-0","/tmp/RtmpEpSrk0/temp_file_1fb13f12b89a/PBIR","2024-04-19 10:50:48","u1004798","Linux","#1 SMP Tue Aug 18 14:50:17 EDT 2020","3.10.0-1160.el7.x86_64","x86_64","Initial run March - April 2024 without rev deps",0,0,1,1,0.381679389312977,0,0,1,0,0,0,0.777299861174691,0.5,0,"survival#stats#cmprsk#knitr#rmarkdown#Imports#Imports#Imports#Suggests#Suggests",0.000911051194400645,0.0965580062468228,0.654354542861348,"High"
"90","survRM2","1.0-4","/tmp/RtmpEpSrk0/temp_file_1fb169cfa61/survRM2","2024-04-19 11:01:04","u1004798","Linux","#1 SMP Tue Aug 18 14:50:17 EDT 2020","3.10.0-1160.el7.x86_64","x86_64","Initial run March - April 2024 without rev deps",0,0,1,1,0.276243093922652,1,0,1,0,1,1,0.710218732760062,0.4,0,"survival#knitr#rmarkdown#Depends#Suggests#Suggests",0.000335350130466478,0.266720996610687,0.548933324644779,"High"
"91","lme4","1.1-15","/tmp/Rtmp2OaNLC/temp_file_5c83df370e1/lme4-b6fb1ac83885ff06","2024-04-19 11:51:12","u1004798","Linux","#1 SMP Tue Aug 18 14:50:17 EDT 2020","3.10.0-1160.el7.x86_64","x86_64","Initial run March - April 2024 without rev deps",0,0,0.973333333333333,1,0.00543281419775444,0,1,1,1,0,0.978021978021978,0.24815152073326,0,0,"Matrix (>= 1.1.1)#methods#stats#Rcpp (>= 0.10.5)#RcppEigen#graphics#grid#splines#utils#parallel#MASS#lattice#nlme (>= 3.1-123)#minqa (>= 1.1.15)#nloptr (>= 1.0.4)#knitr#boot#PKPDmodels#MEMSS#testthat (>= 0.8.1)#ggplot2#mlmRev#optimx (>= 2013.8.6)#gamm4#pbkrtest#HSAUR2#numDeriv#Depends#Depends#Depends#LinkingTo#LinkingTo#Imports#Imports#Imports#Imports#Imports#Imports#Imports#Imports#Imports#Imports#Suggests#Suggests#Suggests#Suggests#Suggests#Suggests#Suggests#Suggests#Suggests#Suggests#Suggests#Suggests",0.982013790037908,0.99981232025772,0.521148066463895,"High"
"92","doParallel","1.0.17","/tmp/RtmpgXMqDo/temp_file_63f1f09109d/doParallel-1.0.17","2024-04-19 11:55:48","u1004798","Linux","#1 SMP Tue Aug 18 14:50:17 EDT 2020","3.10.0-1160.el7.x86_64","x86_64","Initial run March - April 2024 without rev deps",0,0,1,1,0.277264325323475,0,1,1,1,0,1,0.710218732760062,0.4,0.2033,"foreach (>= 1.2.0)#iterators (>= 1.0.0)#parallel#utils#caret#mlbench#rpart#RUnit#Depends#Depends#Depends#Depends#Suggests#Suggests#Suggests#Suggests",0.00407013771589613,0.999995518571563,0.50075017624201,"High"
"93","foreach","1.5.2","/tmp/RtmpgXMqDo/temp_file_63f141412c07/foreach-1.5.2","2024-04-19 12:02:43","u1004798","Linux","#1 SMP Tue Aug 18 14:50:17 EDT 2020","3.10.0-1160.el7.x86_64","x86_64","Initial run March - April 2024 without rev deps",0,0,1,1,0.166481687014428,1,1,1,1,1,0.869565217391304,0.512757760099386,0.5,0.701,"codetools#utils#iterators#randomForest#doMC#doParallel#testthat#knitr#rmarkdown#Imports#Imports#Imports#Suggests#Suggests#Suggests#Suggests#Suggests#Suggests",0.00669285092428486,0.999999184692949,0.352966159491792,"High"
"94","gridExtra","2.3","/tmp/RtmpgXMqDo/temp_file_63f11b72d547/gridExtra","2024-04-19 12:10:42","u1004798","Linux","#1 SMP Tue Aug 18 14:50:17 EDT 2020","3.10.0-1160.el7.x86_64","x86_64","Initial run March - April 2024 without rev deps",0,0,1,1,0.186567164179104,0,0,1,0,0,1,0.562176500885798,0.4,0.4617,"gtable#grid#grDevices#graphics#utils#ggplot2#egg#lattice#knitr#testthat#Imports#Imports#Imports#Imports#Imports#Suggests#Suggests#Suggests#Suggests#Suggests",0.0109869426305932,0.999994484376332,0.584459741004672,"High"
"95","bayesplot","1.10.0","/tmp/RtmpJbXsQH/temp_file_148a526e0e49/bayesplot-1.10.0","2024-04-22 10:27:53","u1004798","Linux","#1 SMP Tue Aug 18 14:50:17 EDT 2020","3.10.0-1160.el7.x86_64","x86_64","Initial run March - April 2024 without rev deps",0,0,0.882352941176471,1,0.00834213892442022,1,0,1,1,1,1,0.126531529038051,0,0,"dplyr (>= 0.8.0)#ggplot2 (>= 3.0.0)#ggridges#glue#posterior#reshape2#rlang (>= 0.3.0)#stats#tibble (>= 2.0.0)#tidyselect#utils#ggfortify#gridExtra (>= 2.2.1)#hexbin#knitr (>= 1.16)#loo (>= 2.0.0)#RColorBrewer#rmarkdown (>= 1.0.0)#rstan (>= 2.17.1)#rstanarm (>= 2.17.4)#rstantools (>= 1.5.0)#scales#shinystan (>= 2.3.0)#survival#testthat (>= 2.0.0)#vdiffr (>= 1.0.2)#Imports#Imports#Imports#Imports#Imports#Imports#Imports#Imports#Imports#Imports#Imports#Suggests#Suggests#Suggests#Suggests#Suggests#Suggests#Suggests#Suggests#Suggests#Suggests#Suggests#Suggests#Suggests#Suggests#Suggests",0.970687769248644,0.84145003565817,0.469836603293031,"High"
"96","coda","0.19-4","/tmp/RtmpJbXsQH/temp_file_148a166fb58f/coda-0.19-4","2024-04-22 10:38:06","u1004798","Linux","#1 SMP Tue Aug 18 14:50:17 EDT 2020","3.10.0-1160.el7.x86_64","x86_64","Initial run March - April 2024 without rev deps",0,0,1,1,0.0438724773325534,0,0,0,0,0,1,0.381767973968925,0.75,0,"lattice#Imports",0.000123394575986232,0.999596046860623,0.688668862892841,"High"
"97","future","1.33.1","/tmp/RtmpJbXsQH/temp_file_148a40f7dc/future-1.33.1","2024-04-22 10:39:19","u1004798","Linux","#1 SMP Tue Aug 18 14:50:17 EDT 2020","3.10.0-1160.el7.x86_64","x86_64","Initial run March - April 2024 without rev deps",0,0,0.98,1,0.0252440255806126,1,1,1,1,1,0.838235294117647,0.307559699447578,0.75,0.719,"digest#globals (>= 0.16.1)#listenv (>= 0.8.0)#parallel#parallelly (>= 1.34.0)#utils#methods#RhpcBLASctl#R.rsp#markdown#Imports#Imports#Imports#Imports#Imports#Imports#Suggests#Suggests#Suggests#Suggests",0.0109869426305932,0.998616187402969,0.327827682764631,"Medium"
"98","gridGraphics","0.4-0","/tmp/RtmpJbXsQH/temp_file_148a6afe12ce/gridgraphics-0.4-0","2024-04-22 11:12:03","u1004798","Linux","#1 SMP Tue Aug 18 14:50:17 EDT 2020","3.10.0-1160.el7.x86_64","x86_64","Initial run March - April 2024 without rev deps",0,0,1,1,0.049883604921849,0,1,0,1,0,1,0.666185565559974,0,0,"grid#graphics#grDevices#magick (>= 1.3)#pdftools (>= 1.6)#Depends#Depends#Imports#Suggests#Suggests",0.000911051194400645,0.0965580062468228,0.689533471033642,"High"
"99","gridtext","0.1.4","/tmp/RtmpJbXsQH/temp_file_148a25a84adc/gridtext-0.1.4","2024-04-22 11:13:40","u1004798","Linux","#1 SMP Tue Aug 18 14:50:17 EDT 2020","3.10.0-1160.el7.x86_64","x86_64","Initial run March - April 2024 without rev deps",0,0,1,1,0.141376060320452,1,0,0,1,1,1,0.710218732760062,0.65,0.8514,"grid#grDevices#markdown#rlang#Rcpp#RCurl#png#jpeg#stringr#xml2#covr#knitr#rmarkdown#testthat#vdiffr#Rcpp#Imports#Imports#Imports#Imports#Imports#Imports#Imports#Imports#Imports#Imports#Suggests#Suggests#Suggests#Suggests#Suggests#LinkingTo",0.182425523806356,0.341879626459442,0.384973823544241,"High"
"100","mice","3.15.0","/tmp/RtmpJbXsQH/temp_file_148a9a5feeb/mice-3.15.0","2024-04-22 11:16:53","u1004798","Linux","#1 SMP Tue Aug 18 14:50:17 EDT 2020","3.10.0-1160.el7.x86_64","x86_64","Initial run March - April 2024 without rev deps",0,0,0.947712418300654,1,0.0221336874723329,1,1,1,1,1,1,0.180740252467659,0.45,0.5613,"broom#dplyr#generics#graphics#grDevices#lattice#methods#Rcpp#rlang#stats#tidyr#utils#broom.mixed#decor#future#furrr#glmnet#haven#knitr#lme4#lmtest#MASS#metafor#mitml#miceadds#nnet#pan#parallelly#purrr#randomForest#ranger#rmarkdown#rpart#rstan#survival#testthat#cpp11#Rcpp#Imports#Imports#Imports#Imports#Imports#Imports#Imports#Imports#Imports#Imports#Imports#Imports#Suggests#Suggests#Suggests#Suggests#Suggests#Suggests#Suggests#Suggests#Suggests#Suggests#Suggests#Suggests#Suggests#Suggests#Suggests#Suggests#Suggests#Suggests#Suggests#Suggests#Suggests#Suggests#Suggests#Suggests#LinkingTo#LinkingTo",0.999925153772489,0.955016576583672,0.291633907054945,"Medium"
"101","Rcpp","1.0.11","/tmp/RtmpJbXsQH/temp_file_148a51ce87a6/Rcpp-1.0.11","2024-04-22 11:25:51","u1004798","Linux","#1 SMP Tue Aug 18 14:50:17 EDT 2020","3.10.0-1160.el7.x86_64","x86_64","Initial run March - April 2024 without rev deps",0,0,0.757575757575758,1,0.0647109577221743,0,1,1,1,0,0.807692307692308,0.526065368621414,0.1,0.034,"methods#utils#tinytest#inline#rbenchmark#pkgKitten (>= 0.1.2)#Imports#Imports#Suggests#Suggests#Suggests#Suggests",0.00150118225673699,0.999999999992014,0.61744631807186,"High"
"102","psbcGroup","1.5","/tmp/RtmpSUR224/temp_file_214925f0bbb7/psbcGroup-1.5","2024-04-22 12:00:27","u1004798","Linux","#1 SMP Tue Aug 18 14:50:17 EDT 2020","3.10.0-1160.el7.x86_64","x86_64","Initial run March - April 2024 without rev deps",0,0,1,1,0.124688279301746,0,0,0,0,0,1,0.666185565559974,0.55,0,"LearnBayes#SuppDists#mvtnorm#survival#Depends#Depends#Depends#Depends",0.0005527786369236,0.0965580062468228,0.705171793915956,"High"
"103","mvnfast","0.2.7","/tmp/RtmpRlCKQQ/temp_file_4518314a69/mvnfast-0.2.7","2024-04-22 13:21:27","u1004798","Linux","#1 SMP Tue Aug 18 14:50:17 EDT 2020","3.10.0-1160.el7.x86_64","x86_64","Initial run March - April 2024 without rev deps",0,0,1,1,0.365853658536585,0,1,1,1,0,1,0.612879086374252,0.4,0,"Rcpp (>= 0.12.0)#knitr#rmarkdown#testthat#mvtnorm#microbenchmark#MASS#plyr#RhpcBLASctl#Rcpp#RcppArmadillo#BH#Imports#Suggests#Suggests#Suggests#Suggests#Suggests#Suggests#Suggests#Suggests#LinkingTo#LinkingTo#LinkingTo",0.0293122307513563,0.70815311201666,0.524644588310141,"High"
"104","psbcGroup","1.5","/tmp/RtmpRlCKQQ/temp_file_451601dd737/psbcGroup-1.5","2024-04-22 13:26:27","u1004798","Linux","#1 SMP Tue Aug 18 14:50:17 EDT 2020","3.10.0-1160.el7.x86_64","x86_64","Initial run March - April 2024 without rev deps",0,0,1,1,0.124688279301746,0,0,0,0,0,1,0.666185565559974,0.55,0,"LearnBayes#SuppDists#mvtnorm#survival#Depends#Depends#Depends#Depends",0.0005527786369236,0.0965580062468228,0.705171793915956,"High"
"105","RcppEigen","0.3.3.9.4","/tmp/RtmpRlCKQQ/temp_file_4513552abb0/RcppEigen-0.3.3.9.4","2024-04-22 13:28:49","u1004798","Linux","#1 SMP Tue Aug 18 14:50:17 EDT 2020","3.10.0-1160.el7.x86_64","x86_64","Initial run March - April 2024 without rev deps",0,0,1,1,0.442477876106195,0,1,1,1,0,1,0.693596453153698,0,0,"Rcpp#Rcpp (>= 0.11.0)#stats#utils#Matrix#inline#tinytest#pkgKitten#microbenchmark#LinkingTo#Imports#Imports#Imports#Suggests#Suggests#Suggests#Suggests#Suggests",0.00669285092428486,0.999805689988675,0.584825528749651,"High"
"106","splines2","0.5.1","/tmp/RtmpWo0mui/temp_file_60ec1d9d2d79/splines2-0.5.1","2024-04-22 16:06:20","u1004798","Linux","#1 SMP Tue Aug 18 14:50:17 EDT 2020","3.10.0-1160.el7.x86_64","x86_64","Initial run March - April 2024 without rev deps",0,0,1,1,0.135135135135135,1,1,1,1,1,1,0.569976227910009,0.3,0,"stats#graphics#Rcpp#Rcpp#RcppArmadillo#knitr#rmarkdown#tinytest#RcppArmadillo#Imports#Imports#Imports#LinkingTo#LinkingTo#Suggests#Suggests#Suggests#Suggests",0.00669285092428486,0.601011945747563,0.468952968156737,"High"
